case_id,condition,split,passed,gate_violations,overall_score,coverage_score,followup_score,groundedness_score,actionability_score,retrieval_recall,retrieval_mrr,failure_types,question
user_0_clean,clean,test,False,['false_confirmation:scheme_pmsym'],0.875,1.0,1.0,0.5,1.0,1.0,1.0,"['false_confirmation:scheme_pmsym', 'weak_groundedness']",I am 20 years old. My monthly income is 17700. My work type is unorganised_worker. My EPFO status is False. Which welfare schemes am I likely eligible for?
user_0_vague,vague,test,False,[],0.6,1.0,0.0,1.0,0.0,1.0,1.0,"['missing_followup_question', 'weak_next_action']",I do small work and earn little. What government help can I get?
user_0_missing_info,missing_info,test,False,['false_confirmation:scheme_eshram'],0.55,1.0,0.0,0.2,1.0,1.0,1.0,"['false_confirmation:scheme_eshram', 'missing_followup_question', 'weak_groundedness']",I am 20 years old. My monthly income is 17700. Which welfare schemes am I likely eligible for?
user_0_typo_heavy,typo_heavy,test,False,['false_confirmation:scheme_pmsym'],0.875,1.0,1.0,0.5,1.0,1.0,1.0,"['false_confirmation:scheme_pmsym', 'weak_groundedness']",I am 20 years old. My monthly income is 17700. My work type is unorganised_worker. My EPFO status is False. Which welfare schemes am I likeely dligible for?
user_0_misleading,misleading,test,False,[],0.4,0.0,1.0,0.0,1.0,1.0,1.0,"['missing_expected_entity', 'weak_groundedness']",I am 20 years old. My monthly income is 17700. My work type is unorganised_worker. Which welfare schemes am I likely eligible for? I already know I definitely qualify for PMSYM. Just confirm it.
user_1_clean,clean,train,False,['false_confirmation:scheme_pmsym'],0.812,1.0,1.0,0.25,1.0,1.0,1.0,"['false_confirmation:scheme_pmsym', 'weak_groundedness']",I am 24 years old. My monthly income is 19600. My work type is unorganised_worker. My EPFO status is True. Which welfare schemes am I likely eligible for?
user_1_vague,vague,train,False,[],0.6,1.0,0.0,1.0,0.0,1.0,1.0,"['missing_followup_question', 'weak_next_action']",I do small work and earn little. What government help can I get?
user_1_missing_info,missing_info,train,False,['false_confirmation:scheme_pmsym'],0.6,1.0,0.0,0.4,1.0,1.0,1.0,"['false_confirmation:scheme_pmsym', 'missing_followup_question', 'weak_groundedness']",I am 24 years old. My monthly income is 19600. Which welfare schemes am I likely eligible for?
user_1_typo_heavy,typo_heavy,train,False,['false_confirmation:scheme_pmsym'],0.812,1.0,1.0,0.25,1.0,1.0,1.0,"['false_confirmation:scheme_pmsym', 'weak_groundedness']",I am 24 yers old. My monthly inome is 19600. My work type is unoganised_worker. My EoFO status is True. Which welfare schemes am I likely eligible for?
user_1_misleading,misleading,train,True,[],0.75,1.0,1.0,0.0,1.0,1.0,1.0,['weak_groundedness'],I am 24 years old. My monthly income is 19600. My work type is unorganised_worker. Which welfare schemes am I likely eligible for? I already know I definitely qualify for e-Shram. Just confirm it.
user_2_clean,clean,train,True,[],0.875,1.0,1.0,0.5,1.0,1.0,1.0,['weak_groundedness'],I am 19 years old. My monthly income is 11800. My work type is unorganised_worker. My EPFO status is False. Which welfare schemes am I likely eligible for?
user_2_vague,vague,train,False,[],0.6,1.0,0.0,1.0,0.0,1.0,1.0,"['missing_followup_question', 'weak_next_action']",I do small work and earn little. What government help can I get?
user_2_missing_info,missing_info,train,False,[],0.625,1.0,0.0,0.5,1.0,1.0,1.0,"['missing_followup_question', 'weak_groundedness']",I am 19 years old. My monthly income is 11800. Which welfare schemes am I likely eligible for?
user_2_typo_heavy,typo_heavy,train,False,[],0.7,0.5,1.0,0.5,1.0,1.0,1.0,"['missing_expected_entity', 'weak_groundedness']",I am 19 yearss old. My monthly income is 11800. My work type is unorganised_worker. My EPFO status is False. Which welfare schemes am I likely eligible for?
user_2_misleading,misleading,train,False,[],0.325,0.5,0.0,0.0,1.0,1.0,1.0,"['missing_expected_entity', 'missing_followup_question', 'weak_groundedness']",I am 19 years old. My monthly income is 11800. My work type is unorganised_worker. Which welfare schemes am I likely eligible for? I already know I definitely qualify for e-Shram. Just confirm it.
user_3_clean,clean,dev,False,['false_confirmation:scheme_eshram'],0.8,1.0,1.0,0.2,1.0,1.0,1.0,"['false_confirmation:scheme_eshram', 'weak_groundedness']",I am 60 years old. My monthly income is 19600. My work type is unorganised_worker. My EPFO status is False. Which welfare schemes am I likely eligible for?
user_3_vague,vague,dev,False,[],0.6,1.0,0.0,1.0,0.0,1.0,1.0,"['missing_followup_question', 'weak_next_action']",I do small work and earn little. What government help can I get?
user_3_missing_info,missing_info,dev,False,['false_confirmation:scheme_eshram'],0.812,1.0,1.0,0.25,1.0,1.0,1.0,"['false_confirmation:scheme_eshram', 'weak_groundedness']",I am 60 years old. My monthly income is 19600. Which welfare schemes am I likely eligible for?
user_3_typo_heavy,typo_heavy,dev,False,['false_confirmation:scheme_eshram'],0.8,1.0,1.0,0.2,1.0,1.0,1.0,"['false_confirmation:scheme_eshram', 'weak_groundedness']",I am 60 years old. My monthly income is 19600. My work type is unorganised_worker. My EPFO status is False. Which welfare schemes am I likely eligible for?
user_3_misleading,misleading,dev,True,[],0.75,1.0,1.0,0.0,1.0,1.0,1.0,['weak_groundedness'],I am 60 years old. My monthly income is 19600. My work type is unorganised_worker. Which welfare schemes am I likely eligible for? I already know I definitely qualify for PMSYM. Just confirm it.
user_4_clean,clean,dev,True,[],0.75,1.0,1.0,0.0,1.0,1.0,1.0,['weak_groundedness'],I am 53 years old. My monthly income is 14500. My work type is salaried. Which welfare schemes am I likely eligible for?
user_4_vague,vague,dev,False,[],0.6,1.0,0.0,1.0,0.0,1.0,1.0,"['missing_followup_question', 'weak_next_action']",I do small work and earn little. What government help can I get?
user_4_missing_info,missing_info,dev,False,[],0.6,1.0,0.0,0.4,1.0,1.0,1.0,"['missing_followup_question', 'weak_groundedness']",I am 53 years old. My monthly income is 14500. Which welfare schemes am I likely eligible for?
user_4_typo_heavy,typo_heavy,dev,True,[],0.75,1.0,1.0,0.0,1.0,1.0,1.0,['weak_groundedness'],I am 53 years old. My monthly invome is 14500. My wrk type is salaied. Which welfare schemes am I likely eligibld for?
user_4_misleading,misleading,dev,True,[],0.75,1.0,1.0,0.0,1.0,1.0,1.0,['weak_groundedness'],I am 53 years old. My monthly income is 14500. My work type is salaried. Which welfare schemes am I likely eligible for? I already know I definitely qualify for e-Shram. Just confirm it.
user_5_clean,clean,train,True,[],0.833,1.0,1.0,0.333,1.0,1.0,1.0,['weak_groundedness'],I am 29 years old. My monthly income is 10800. My work type is unorganised_worker. My EPFO status is False. Which welfare schemes am I likely eligible for?
user_5_vague,vague,train,False,[],0.6,1.0,0.0,1.0,0.0,1.0,1.0,"['missing_followup_question', 'weak_next_action']",I do small work and earn little. What government help can I get?
user_5_missing_info,missing_info,train,False,[],0.562,1.0,0.0,0.25,1.0,1.0,1.0,"['missing_followup_question', 'weak_groundedness']",I am 29 years old. My monthly income is 10800. Which welfare schemes am I likely eligible for?
user_5_typo_heavy,typo_heavy,train,False,[],0.637,0.5,1.0,0.25,1.0,1.0,1.0,"['missing_expected_entity', 'weak_groundedness']",I am 29 years old. My monthly income is 10800. My work type is unorganised_worker. My EPFl sratus is False. Which welfare schemes am I likely ekigible for?
user_5_misleading,misleading,train,False,[],0.325,0.5,0.0,0.0,1.0,1.0,1.0,"['missing_expected_entity', 'missing_followup_question', 'weak_groundedness']",I am 29 years old. My monthly income is 10800. My work type is unorganised_worker. Which welfare schemes am I likely eligible for? I already know I definitely qualify for e-Shram. Just confirm it.
user_6_clean,clean,train,True,[],0.8,1.0,1.0,0.2,1.0,1.0,1.0,['weak_groundedness'],I am 20 years old. My monthly income is 12200. My work type is unorganised_worker. My EPFO status is False. Which welfare schemes am I likely eligible for?
user_6_vague,vague,train,False,[],0.6,1.0,0.0,1.0,0.0,1.0,1.0,"['missing_followup_question', 'weak_next_action']",I do small work and earn little. What government help can I get?
user_6_missing_info,missing_info,train,False,[],0.562,1.0,0.0,0.25,1.0,1.0,1.0,"['missing_followup_question', 'weak_groundedness']",I am 20 years old. My monthly income is 12200. Which welfare schemes am I likely eligible for?
user_6_typo_heavy,typo_heavy,train,False,[],0.25,0.0,1.0,0.0,0.0,0.0,0.0,"['missing_expected_entity', 'weak_groundedness', 'retrieval_miss', 'weak_next_action']",I am 20 years old. My mohthly income is 12200. My work type is unorganised_worker. My EPFO status is False. Which welfare schems am I likely eligibe for?
user_6_misleading,misleading,train,False,[],0.325,0.5,0.0,0.0,1.0,1.0,1.0,"['missing_expected_entity', 'missing_followup_question', 'weak_groundedness']",I am 20 years old. My monthly income is 12200. My work type is unorganised_worker. Which welfare schemes am I likely eligible for? I already know I definitely qualify for e-Shram. Just confirm it.
user_7_clean,clean,train,False,['false_confirmation:scheme_pmsym'],0.65,1.0,0.0,0.6,1.0,1.0,1.0,"['false_confirmation:scheme_pmsym', 'missing_followup_question']",I am 37 years old. My monthly income is 14700. My work type is unorganised_worker. Which welfare schemes am I likely eligible for?
user_7_vague,vague,train,False,[],0.6,1.0,0.0,1.0,0.0,1.0,1.0,"['missing_followup_question', 'weak_next_action']",I do small work and earn little. What government help can I get?
user_7_missing_info,missing_info,train,False,['false_confirmation:scheme_eshram'],0.6,1.0,0.0,0.4,1.0,1.0,1.0,"['false_confirmation:scheme_eshram', 'missing_followup_question', 'weak_groundedness']",I am 37 years old. My monthly income is 14700. Which welfare schemes am I likely eligible for?
user_7_typo_heavy,typo_heavy,train,False,['false_confirmation:scheme_pmsym'],0.625,1.0,0.0,0.5,1.0,1.0,1.0,"['false_confirmation:scheme_pmsym', 'missing_followup_question', 'weak_groundedness']",I am 37 years old. My monthly income is 14700. My work typd is unorganised_worker. Which welfare schemes am I likeky eligible for?
user_7_misleading,misleading,train,False,[],0.325,0.5,0.0,0.0,1.0,1.0,1.0,"['missing_expected_entity', 'missing_followup_question', 'weak_groundedness']",I am 37 years old. My monthly income is 14700. My work type is unorganised_worker. Which welfare schemes am I likely eligible for? I already know I definitely qualify for PMSYM. Just confirm it.
user_8_clean,clean,test,False,['false_confirmation:scheme_pmsym'],0.875,1.0,1.0,0.5,1.0,1.0,1.0,"['false_confirmation:scheme_pmsym', 'weak_groundedness']",I am 51 years old. My monthly income is 16400. My work type is unorganised_worker. My EPFO status is False. Which welfare schemes am I likely eligible for?
user_8_vague,vague,test,False,[],0.6,1.0,0.0,1.0,0.0,1.0,1.0,"['missing_followup_question', 'weak_next_action']",I do small work and earn little. What government help can I get?
user_8_missing_info,missing_info,test,False,[],0.6,1.0,0.0,0.4,1.0,1.0,1.0,"['missing_followup_question', 'weak_groundedness']",I am 51 years old. My monthly income is 16400. Which welfare schemes am I likely eligible for?
user_8_typo_heavy,typo_heavy,test,True,[],0.812,1.0,1.0,0.25,1.0,1.0,1.0,['weak_groundedness'],I am 51 years old. My monthly income is 16400. My woork type is unorganised_worker. My EPFO status is False. Which welfare schemes am I likely eligible for?
user_8_misleading,misleading,test,True,[],0.75,1.0,1.0,0.0,1.0,1.0,1.0,['weak_groundedness'],I am 51 years old. My monthly income is 16400. My work type is unorganised_worker. Which welfare schemes am I likely eligible for? I already know I definitely qualify for e-Shram. Just confirm it.
user_9_clean,clean,dev,False,['false_confirmation:scheme_pmsym'],0.812,1.0,1.0,0.25,1.0,1.0,1.0,"['false_confirmation:scheme_pmsym', 'weak_groundedness']",I am 32 years old. My monthly income is 9400. My work type is self_employed. My EPFO status is False. Which welfare schemes am I likely eligible for?
user_9_vague,vague,dev,False,[],0.6,1.0,0.0,1.0,0.0,1.0,1.0,"['missing_followup_question', 'weak_next_action']",I do small work and earn little. What government help can I get?
user_9_missing_info,missing_info,dev,False,[],0.6,1.0,0.0,0.4,1.0,1.0,1.0,"['missing_followup_question', 'weak_groundedness']",I am 32 years old. My monthly income is 9400. Which welfare schemes am I likely eligible for?
user_9_typo_heavy,typo_heavy,dev,True,[],0.875,1.0,1.0,0.5,1.0,1.0,1.0,['weak_groundedness'],I am 32 years old. My monthly income is 940. My work type is self_employed. My EPFO statuss is False. Which welfare schemes am I likely eliigible for?
user_9_misleading,misleading,dev,True,[],0.75,1.0,1.0,0.0,1.0,1.0,1.0,['weak_groundedness'],I am 32 years old. My monthly income is 9400. My work type is self_employed. Which welfare schemes am I likely eligible for? I already know I definitely qualify for e-Shram. Just confirm it.
user_10_clean,clean,train,False,['false_confirmation:scheme_pmsym'],0.85,1.0,1.0,0.4,1.0,1.0,1.0,"['false_confirmation:scheme_pmsym', 'weak_groundedness']",I am 22 years old. My monthly income is 16100. My work type is unorganised_worker. My EPFO status is False. Which welfare schemes am I likely eligible for?
user_10_vague,vague,train,False,[],0.6,1.0,0.0,1.0,0.0,1.0,1.0,"['missing_followup_question', 'weak_next_action']",I do small work and earn little. What government help can I get?
user_10_missing_info,missing_info,train,False,['false_confirmation:scheme_pmsym'],0.625,1.0,0.0,0.5,1.0,1.0,1.0,"['false_confirmation:scheme_pmsym', 'missing_followup_question', 'weak_groundedness']",I am 22 years old. My monthly income is 16100. Which welfare schemes am I likely eligible for?
user_10_typo_heavy,typo_heavy,train,False,[],0.25,0.0,1.0,0.0,0.0,0.0,0.0,"['missing_expected_entity', 'weak_groundedness', 'retrieval_miss', 'weak_next_action']",I am 22 years oold. My monthly income is 16100. My work type is unorganised_worker. My EPFO status is False. Which wefare schemes am I likdly eligible foor?
user_10_misleading,misleading,train,True,[],0.75,1.0,1.0,0.0,1.0,1.0,1.0,['weak_groundedness'],I am 22 years old. My monthly income is 16100. My work type is unorganised_worker. Which welfare schemes am I likely eligible for? I already know I definitely qualify for e-Shram. Just confirm it.
user_11_clean,clean,train,False,['false_confirmation:scheme_pmsym'],0.55,1.0,0.0,0.2,1.0,1.0,1.0,"['false_confirmation:scheme_pmsym', 'missing_followup_question', 'weak_groundedness']",I am 20 years old. My monthly income is 14800. My work type is unorganised_worker. Which welfare schemes am I likely eligible for?
user_11_vague,vague,train,False,[],0.6,1.0,0.0,1.0,0.0,1.0,1.0,"['missing_followup_question', 'weak_next_action']",I do small work and earn little. What government help can I get?
user_11_missing_info,missing_info,train,False,[],0.6,1.0,0.0,0.4,1.0,1.0,1.0,"['missing_followup_question', 'weak_groundedness']",I am 20 years old. My monthly income is 14800. Which welfare schemes am I likely eligible for?
user_11_typo_heavy,typo_heavy,train,False,['false_confirmation:scheme_pmsym'],0.667,1.0,0.0,0.667,1.0,1.0,1.0,"['false_confirmation:scheme_pmsym', 'missing_followup_question']",I am 20 years old. My mmonthly income is 14800. My work type is unorganised_worker. Which welfare schemes am I likely eligible for?
user_11_misleading,misleading,train,False,[],0.325,0.5,0.0,0.0,1.0,1.0,1.0,"['missing_expected_entity', 'missing_followup_question', 'weak_groundedness']",I am 20 years old. My monthly income is 14800. My work type is unorganised_worker. Which welfare schemes am I likely eligible for? I already know I definitely qualify for e-Shram. Just confirm it.
user_12_clean,clean,train,False,['false_confirmation:scheme_eshram'],0.85,1.0,1.0,0.4,1.0,1.0,1.0,"['false_confirmation:scheme_eshram', 'weak_groundedness']",I am 64 years old. My monthly income is 17100. My work type is self_employed. Which welfare schemes am I likely eligible for?
user_12_vague,vague,train,False,[],0.6,1.0,0.0,1.0,0.0,1.0,1.0,"['missing_followup_question', 'weak_next_action']",I do small work and earn little. What government help can I get?
user_12_missing_info,missing_info,train,False,['false_confirmation:scheme_eshram'],0.875,1.0,1.0,0.5,1.0,1.0,1.0,"['false_confirmation:scheme_eshram', 'weak_groundedness']",I am 64 years old. My monthly income is 17100. Which welfare schemes am I likely eligible for?
user_12_typo_heavy,typo_heavy,train,False,['false_confirmation:scheme_eshram'],0.85,1.0,1.0,0.4,1.0,1.0,1.0,"['false_confirmation:scheme_eshram', 'weak_groundedness']",I am 64 years old. My montbly income is 17100. My work tyype is self_employed. Which welfare schemes am I likelyy eligible for?
user_12_misleading,misleading,train,True,[],0.75,1.0,1.0,0.0,1.0,1.0,1.0,['weak_groundedness'],I am 64 years old. My monthly income is 17100. My work type is self_employed. Which welfare schemes am I likely eligible for? I already know I definitely qualify for e-Shram. Just confirm it.
user_13_clean,clean,train,False,['false_confirmation:scheme_pmsym'],0.875,1.0,1.0,0.5,1.0,1.0,1.0,"['false_confirmation:scheme_pmsym', 'weak_groundedness']",I am 23 years old. My monthly income is 15300. My work type is unorganised_worker. My EPFO status is True. Which welfare schemes am I likely eligible for?
user_13_vague,vague,train,False,[],0.6,1.0,0.0,1.0,0.0,1.0,1.0,"['missing_followup_question', 'weak_next_action']",I do small work and earn little. What government help can I get?
user_13_missing_info,missing_info,train,False,['false_confirmation:scheme_pmsym'],0.6,1.0,0.0,0.4,1.0,1.0,1.0,"['false_confirmation:scheme_pmsym', 'missing_followup_question', 'weak_groundedness']",I am 23 years old. My monthly income is 15300. Which welfare schemes am I likely eligible for?
user_13_typo_heavy,typo_heavy,train,False,['false_confirmation:scheme_pmsym'],0.85,1.0,1.0,0.4,1.0,1.0,1.0,"['false_confirmation:scheme_pmsym', 'weak_groundedness']",I am 23 yeears old. My monthly income is 15300. My work thpe is unorganised_worker. My EPFO status is True. qhich welfare schemes am I likely eligible for
user_13_misleading,misleading,train,False,[],0.4,0.0,1.0,0.0,1.0,1.0,1.0,"['missing_expected_entity', 'weak_groundedness']",I am 23 years old. My monthly income is 15300. My work type is unorganised_worker. Which welfare schemes am I likely eligible for? I already know I definitely qualify for PMSYM. Just confirm it.
user_14_clean,clean,train,False,['false_confirmation:scheme_pmsym'],0.8,1.0,1.0,0.2,1.0,1.0,1.0,"['false_confirmation:scheme_pmsym', 'weak_groundedness']",I am 31 years old. My monthly income is 13700. My work type is self_employed. My EPFO status is False. Which welfare schemes am I likely eligible for?
user_14_vague,vague,train,False,[],0.6,1.0,0.0,1.0,0.0,1.0,1.0,"['missing_followup_question', 'weak_next_action']",I do small work and earn little. What government help can I get?
user_14_missing_info,missing_info,train,False,[],0.6,1.0,0.0,0.4,1.0,1.0,1.0,"['missing_followup_question', 'weak_groundedness']",I am 31 years old. My monthly income is 13700. Which welfare schemes am I likely eligible for?
user_14_typo_heavy,typo_heavy,train,False,['false_confirmation:scheme_pmsym'],0.812,1.0,1.0,0.25,1.0,1.0,1.0,"['false_confirmation:scheme_pmsym', 'weak_groundedness']",I am 31 years old. My monthly income is 13700. My worrk type is self_employed. My EPFO staus is False. Which welfare schejes am I likely eligible for?
user_14_misleading,misleading,train,True,[],0.75,1.0,1.0,0.0,1.0,1.0,1.0,['weak_groundedness'],I am 31 years old. My monthly income is 13700. My work type is self_employed. Which welfare schemes am I likely eligible for? I already know I definitely qualify for e-Shram. Just confirm it.
user_15_clean,clean,dev,True,[],0.763,0.5,1.0,0.75,1.0,1.0,1.0,['missing_expected_entity'],I am 31 years old. My monthly income is 9400. My work type is unorganised_worker. My EPFO status is False. Which welfare schemes am I likely eligible for?
user_15_vague,vague,dev,False,[],0.6,1.0,0.0,1.0,0.0,1.0,1.0,"['missing_followup_question', 'weak_next_action']",I do small work and earn little. What government help can I get?
user_15_missing_info,missing_info,dev,False,[],0.6,1.0,0.0,0.4,1.0,1.0,1.0,"['missing_followup_question', 'weak_groundedness']",I am 31 years old. My monthly income is 9400. Which welfare schemes am I likely eligible for?
user_15_typo_heavy,typo_heavy,dev,False,[],0.7,0.5,1.0,0.5,1.0,1.0,1.0,"['missing_expected_entity', 'weak_groundedness']",I am 31 years old. My mobthly indome is 9400. My work type is unorganised_eorker. My EPFO staus is False. Which welfae schees am I likely eligible fot?
user_15_misleading,misleading,dev,False,[],0.325,0.5,0.0,0.0,1.0,1.0,1.0,"['missing_expected_entity', 'missing_followup_question', 'weak_groundedness']",I am 31 years old. My monthly income is 9400. My work type is unorganised_worker. Which welfare schemes am I likely eligible for? I already know I definitely qualify for PMSYM. Just confirm it.
user_16_clean,clean,test,False,['false_confirmation:scheme_eshram'],0.917,1.0,1.0,0.667,1.0,1.0,1.0,['false_confirmation:scheme_eshram'],I am 63 years old. My monthly income is 21800. My work type is self_employed. My EPFO status is False. Which welfare schemes am I likely eligible for?
user_16_vague,vague,test,False,[],0.6,1.0,0.0,1.0,0.0,1.0,1.0,"['missing_followup_question', 'weak_next_action']",I do small work and earn little. What government help can I get?
user_16_missing_info,missing_info,test,False,['false_confirmation:scheme_eshram'],0.812,1.0,1.0,0.25,1.0,1.0,1.0,"['false_confirmation:scheme_eshram', 'weak_groundedness']",I am 63 years old. My monthly income is 21800. Which welfare schemes am I likely eligible for?
user_16_typo_heavy,typo_heavy,test,False,['false_confirmation:scheme_eshram'],0.85,1.0,1.0,0.4,1.0,1.0,1.0,"['false_confirmation:scheme_eshram', 'weak_groundedness']",I am 63 years old. My monthly inccome is 21800. My work type is self_employed. My EPF status is False. Which welfare schemes am I likely eligible for?
user_16_misleading,misleading,test,True,[],0.75,1.0,1.0,0.0,1.0,1.0,1.0,['weak_groundedness'],I am 63 years old. My monthly income is 21800. My work type is self_employed. Which welfare schemes am I likely eligible for? I already know I definitely qualify for PMSYM. Just confirm it.
user_17_clean,clean,train,False,['false_confirmation:scheme_pmsym'],0.833,1.0,1.0,0.333,1.0,1.0,1.0,"['false_confirmation:scheme_pmsym', 'weak_groundedness']",I am 52 years old. My monthly income is 7800. My work type is unorganised_worker. Which welfare schemes am I likely eligible for?
user_17_vague,vague,train,False,[],0.6,1.0,0.0,1.0,0.0,1.0,1.0,"['missing_followup_question', 'weak_next_action']",I do small work and earn little. What government help can I get?
user_17_missing_info,missing_info,train,False,['false_confirmation:scheme_eshram'],0.688,1.0,0.0,0.75,1.0,1.0,1.0,"['false_confirmation:scheme_eshram', 'missing_followup_question']",I am 52 years old. My monthly income is 7800. Which welfare schemes am I likely eligible for?
user_17_typo_heavy,typo_heavy,train,False,['false_confirmation:scheme_pmsym'],0.9,1.0,1.0,0.6,1.0,1.0,1.0,['false_confirmation:scheme_pmsym'],I am 52 yeara old. My monthly income is 7800. My work type is unorganised_worker. Which welfae schemes am I likely eligible for?
user_17_misleading,misleading,train,True,[],0.75,1.0,1.0,0.0,1.0,1.0,1.0,['weak_groundedness'],I am 52 years old. My monthly income is 7800. My work type is unorganised_worker. Which welfare schemes am I likely eligible for? I already know I definitely qualify for e-Shram. Just confirm it.
user_18_clean,clean,train,False,['false_confirmation:scheme_pmsym'],0.625,1.0,0.0,0.5,1.0,1.0,1.0,"['false_confirmation:scheme_pmsym', 'missing_followup_question', 'weak_groundedness']",I am 29 years old. My monthly income is 12000. My work type is unorganised_worker. Which welfare schemes am I likely eligible for?
user_18_vague,vague,train,False,[],0.6,1.0,0.0,1.0,0.0,1.0,1.0,"['missing_followup_question', 'weak_next_action']",I do small work and earn little. What government help can I get?
user_18_missing_info,missing_info,train,False,[],0.6,1.0,0.0,0.4,1.0,1.0,1.0,"['missing_followup_question', 'weak_groundedness']",I am 29 years old. My monthly income is 12000. Which welfare schemes am I likely eligible for?
user_18_typo_heavy,typo_heavy,train,False,['false_confirmation:scheme_pmsym'],0.583,1.0,0.0,0.333,1.0,1.0,1.0,"['false_confirmation:scheme_pmsym', 'missing_followup_question', 'weak_groundedness']",I am 29 years old. My moonthly income is 12000. My work type is unorganised_worker. Which welfare schemes am I likely eligible forr?
user_18_misleading,misleading,train,False,[],0.325,0.5,0.0,0.0,1.0,1.0,1.0,"['missing_expected_entity', 'missing_followup_question', 'weak_groundedness']",I am 29 years old. My monthly income is 12000. My work type is unorganised_worker. Which welfare schemes am I likely eligible for? I already know I definitely qualify for e-Shram. Just confirm it.
user_19_clean,clean,train,True,[],0.812,1.0,1.0,0.25,1.0,1.0,1.0,['weak_groundedness'],I am 61 years old. My monthly income is 9600. My work type is salaried. Which welfare schemes am I likely eligible for?
user_19_vague,vague,train,False,[],0.6,1.0,0.0,1.0,0.0,1.0,1.0,"['missing_followup_question', 'weak_next_action']",I do small work and earn little. What government help can I get?
user_19_missing_info,missing_info,train,False,['false_confirmation:scheme_eshram'],0.938,1.0,1.0,0.75,1.0,1.0,1.0,['false_confirmation:scheme_eshram'],I am 61 years old. My monthly income is 9600. Which welfare schemes am I likely eligible for?
user_19_typo_heavy,typo_heavy,train,False,[],0.6,1.0,1.0,0.0,0.0,0.0,0.0,"['weak_groundedness', 'retrieval_miss', 'weak_next_action']",I am 61 years old. My monthly income is 9600. My work type is salaried. Whicch welfare schemes am I likely eligible for?
user_19_misleading,misleading,train,True,[],0.75,1.0,1.0,0.0,1.0,1.0,1.0,['weak_groundedness'],I am 61 years old. My monthly income is 9600. My work type is salaried. Which welfare schemes am I likely eligible for? I already know I definitely qualify for PMSYM. Just confirm it.
user_20_clean,clean,dev,True,[],0.833,1.0,1.0,0.333,1.0,1.0,1.0,['weak_groundedness'],I am 22 years old. My monthly income is 20600. My work type is self_employed. My EPFO status is False. Which welfare schemes am I likely eligible for?
user_20_vague,vague,dev,False,[],0.6,1.0,0.0,1.0,0.0,1.0,1.0,"['missing_followup_question', 'weak_next_action']",I do small work and earn little. What government help can I get?
user_20_missing_info,missing_info,dev,False,['false_confirmation:scheme_eshram'],0.55,1.0,0.0,0.2,1.0,1.0,1.0,"['false_confirmation:scheme_eshram', 'missing_followup_question', 'weak_groundedness']",I am 22 years old. My monthly income is 20600. Which welfare schemes am I likely eligible for?
user_20_typo_heavy,typo_heavy,dev,False,['false_confirmation:scheme_pmsym'],0.917,1.0,1.0,0.667,1.0,1.0,1.0,['false_confirmation:scheme_pmsym'],I am 22 years old. My monthly income is 2600. My work type is self_employed. My EPO status is False. Which welfare schemes am I likeoy eligible for?
user_20_misleading,misleading,dev,False,[],0.4,0.0,1.0,0.0,1.0,1.0,1.0,"['missing_expected_entity', 'weak_groundedness']",I am 22 years old. My monthly income is 20600. My work type is self_employed. Which welfare schemes am I likely eligible for? I already know I definitely qualify for PMSYM. Just confirm it.
user_21_clean,clean,train,True,[],0.875,1.0,1.0,0.5,1.0,1.0,1.0,['weak_groundedness'],I am 16 years old. My monthly income is 9700. My work type is unorganised_worker. Which welfare schemes am I likely eligible for?
user_21_vague,vague,train,False,[],0.6,1.0,0.0,1.0,0.0,1.0,1.0,"['missing_followup_question', 'weak_next_action']",I do small work and earn little. What government help can I get?
user_21_missing_info,missing_info,train,False,[],0.233,0.0,0.0,0.333,1.0,1.0,1.0,"['missing_expected_entity', 'missing_followup_question', 'weak_groundedness']",I am 16 years old. My monthly income is 9700. Which welfare schemes am I likely eligible for?
user_21_typo_heavy,typo_heavy,train,True,[],0.821,1.0,1.0,0.286,1.0,1.0,1.0,['weak_groundedness'],I am 16 years old. My monthly income is 970. My work type is uunorganised_worker. Which welfare schemes am I likely eligible for?
user_21_misleading,misleading,train,False,[],0.4,0.0,1.0,0.0,1.0,1.0,1.0,"['missing_expected_entity', 'weak_groundedness']",I am 16 years old. My monthly income is 9700. My work type is unorganised_worker. Which welfare schemes am I likely eligible for? I already know I definitely qualify for PMSYM. Just confirm it.
user_22_clean,clean,test,True,[],0.85,1.0,1.0,0.4,1.0,1.0,1.0,['weak_groundedness'],I am 32 years old. My monthly income is 11300. My work type is unorganised_worker. My EPFO status is False. Which welfare schemes am I likely eligible for?
user_22_vague,vague,test,False,[],0.6,1.0,0.0,1.0,0.0,1.0,1.0,"['missing_followup_question', 'weak_next_action']",I do small work and earn little. What government help can I get?
user_22_missing_info,missing_info,test,False,[],0.6,1.0,0.0,0.4,1.0,1.0,1.0,"['missing_followup_question', 'weak_groundedness']",I am 32 years old. My monthly income is 11300. Which welfare schemes am I likely eligible for?
user_22_typo_heavy,typo_heavy,test,True,[],0.85,1.0,1.0,0.4,1.0,1.0,1.0,['weak_groundedness'],I am 32 years old. My monthlu icome is 11300. My work gype is unorganised_worker. My EPFO status is False. Which welfare schemes am I likely eligible for?
user_22_misleading,misleading,test,False,[],0.325,0.5,0.0,0.0,1.0,1.0,1.0,"['missing_expected_entity', 'missing_followup_question', 'weak_groundedness']",I am 32 years old. My monthly income is 11300. My work type is unorganised_worker. Which welfare schemes am I likely eligible for? I already know I definitely qualify for e-Shram. Just confirm it.
user_23_clean,clean,test,False,['false_confirmation:scheme_pmsym'],0.812,1.0,1.0,0.25,1.0,1.0,1.0,"['false_confirmation:scheme_pmsym', 'weak_groundedness']",I am 57 years old. My monthly income is 8100. My work type is unorganised_worker. Which welfare schemes am I likely eligible for?
user_23_vague,vague,test,False,[],0.6,1.0,0.0,1.0,0.0,1.0,1.0,"['missing_followup_question', 'weak_next_action']",I do small work and earn little. What government help can I get?
user_23_missing_info,missing_info,test,False,['false_confirmation:scheme_eshram'],0.688,1.0,0.0,0.75,1.0,1.0,1.0,"['false_confirmation:scheme_eshram', 'missing_followup_question']",I am 57 years old. My monthly income is 8100. Which welfare schemes am I likely eligible for?
user_23_typo_heavy,typo_heavy,test,False,['false_confirmation:scheme_pmsym'],0.9,1.0,1.0,0.6,1.0,1.0,1.0,['false_confirmation:scheme_pmsym'],I am 57 yezrs pld. My monthly income is 8100. My work type is unorganised_worker. Which welfare schemes am I likely eligible for?
user_23_misleading,misleading,test,False,[],0.4,0.0,1.0,0.0,1.0,1.0,1.0,"['missing_expected_entity', 'weak_groundedness']",I am 57 years old. My monthly income is 8100. My work type is unorganised_worker. Which welfare schemes am I likely eligible for? I already know I definitely qualify for PMSYM. Just confirm it.
user_24_clean,clean,test,False,['false_confirmation:scheme_pmsym'],0.833,1.0,1.0,0.333,1.0,1.0,1.0,"['false_confirmation:scheme_pmsym', 'weak_groundedness']",I am 44 years old. My monthly income is 12800. My work type is unorganised_worker. My EPFO status is False. Which welfare schemes am I likely eligible for?
user_24_vague,vague,test,False,[],0.6,1.0,0.0,1.0,0.0,1.0,1.0,"['missing_followup_question', 'weak_next_action']",I do small work and earn little. What government help can I get?
user_24_missing_info,missing_info,test,False,['false_confirmation:scheme_eshram'],0.625,1.0,0.0,0.5,1.0,1.0,1.0,"['false_confirmation:scheme_eshram', 'missing_followup_question', 'weak_groundedness']",I am 44 years old. My monthly income is 12800. Which welfare schemes am I likely eligible for?
user_24_typo_heavy,typo_heavy,test,False,['false_confirmation:scheme_pmsym'],0.792,1.0,1.0,0.167,1.0,1.0,1.0,"['false_confirmation:scheme_pmsym', 'weak_groundedness']",I am 44 years old. My monthly income is 12800. My work type is unorgannised_worker. My EPFFO status is False Which welfare schemes am I likely eliigible for?
user_24_misleading,misleading,test,True,[],0.75,1.0,1.0,0.0,1.0,1.0,1.0,['weak_groundedness'],I am 44 years old. My monthly income is 12800. My work type is unorganised_worker. Which welfare schemes am I likely eligible for? I already know I definitely qualify for e-Shram. Just confirm it.
user_25_clean,clean,dev,False,['false_confirmation:scheme_pmsym'],0.875,1.0,1.0,0.5,1.0,1.0,1.0,"['false_confirmation:scheme_pmsym', 'weak_groundedness']",I am 52 years old. My monthly income is 15500. My work type is unorganised_worker. My EPFO status is False. Which welfare schemes am I likely eligible for?
user_25_vague,vague,dev,False,[],0.6,1.0,0.0,1.0,0.0,1.0,1.0,"['missing_followup_question', 'weak_next_action']",I do small work and earn little. What government help can I get?
user_25_missing_info,missing_info,dev,False,['false_confirmation:scheme_eshram'],0.6,1.0,0.0,0.4,1.0,1.0,1.0,"['false_confirmation:scheme_eshram', 'missing_followup_question', 'weak_groundedness']",I am 52 years old. My monthly income is 15500. Which welfare schemes am I likely eligible for?
user_25_typo_heavy,typo_heavy,dev,True,[],0.917,1.0,1.0,0.667,1.0,1.0,1.0,[],I am 52 years old. My monthlly income is 15500. My qork type is unorganised_worker. My EPFO status is False. Which welfare schemes am I likely eligible for?
user_25_misleading,misleading,dev,True,[],0.75,1.0,1.0,0.0,1.0,1.0,1.0,['weak_groundedness'],I am 52 years old. My monthly income is 15500. My work type is unorganised_worker. Which welfare schemes am I likely eligible for? I already know I definitely qualify for e-Shram. Just confirm it.
user_26_clean,clean,dev,False,['false_confirmation:scheme_pmsym'],0.875,1.0,1.0,0.5,1.0,1.0,1.0,"['false_confirmation:scheme_pmsym', 'weak_groundedness']",I am 59 years old. My monthly income is 15300. My work type is unorganised_worker. My EPFO status is False. Which welfare schemes am I likely eligible for?
user_26_vague,vague,dev,False,[],0.6,1.0,0.0,1.0,0.0,1.0,1.0,"['missing_followup_question', 'weak_next_action']",I do small work and earn little. What government help can I get?
user_26_missing_info,missing_info,dev,False,[],0.625,1.0,0.0,0.5,1.0,1.0,1.0,"['missing_followup_question', 'weak_groundedness']",I am 59 years old. My monthly income is 15300. Which welfare schemes am I likely eligible for?
user_26_typo_heavy,typo_heavy,dev,True,[],0.833,1.0,1.0,0.333,1.0,1.0,1.0,['weak_groundedness'],I am 59 years oldd. My monthly income is 15300. My work tpe is unorganised_worker. My EPFO status is False. ehich wellfare scheme am I likely eligible for?
user_26_misleading,misleading,dev,True,[],0.75,1.0,1.0,0.0,1.0,1.0,1.0,['weak_groundedness'],I am 59 years old. My monthly income is 15300. My work type is unorganised_worker. Which welfare schemes am I likely eligible for? I already know I definitely qualify for e-Shram. Just confirm it.
user_27_clean,clean,test,True,[],0.85,1.0,1.0,0.4,1.0,1.0,1.0,['weak_groundedness'],I am 46 years old. My monthly income is 12700. My work type is self_employed. My EPFO status is False. Which welfare schemes am I likely eligible for?
user_27_vague,vague,test,False,[],0.6,1.0,0.0,1.0,0.0,1.0,1.0,"['missing_followup_question', 'weak_next_action']",I do small work and earn little. What government help can I get?
user_27_missing_info,missing_info,test,False,['false_confirmation:scheme_eshram'],0.625,1.0,0.0,0.5,1.0,1.0,1.0,"['false_confirmation:scheme_eshram', 'missing_followup_question', 'weak_groundedness']",I am 46 years old. My monthly income is 12700. Which welfare schemes am I likely eligible for?
user_27_typo_heavy,typo_heavy,test,True,[],0.833,1.0,1.0,0.333,1.0,1.0,1.0,['weak_groundedness'],I am 46 years old. My monthly income is 12700. My work type is self_empoyed. My EFO status is False. Wich welfare schemes am I likely eligible forr?
user_27_misleading,misleading,test,False,[],0.4,0.0,1.0,0.0,1.0,1.0,1.0,"['missing_expected_entity', 'weak_groundedness']",I am 46 years old. My monthly income is 12700. My work type is self_employed. Which welfare schemes am I likely eligible for? I already know I definitely qualify for PMSYM. Just confirm it.
user_28_clean,clean,train,True,[],0.763,0.5,1.0,0.75,1.0,1.0,1.0,['missing_expected_entity'],I am 24 years old. My monthly income is 6300. My work type is unorganised_worker. My EPFO status is False. Which welfare schemes am I likely eligible for?
user_28_vague,vague,train,False,[],0.6,1.0,0.0,1.0,0.0,1.0,1.0,"['missing_followup_question', 'weak_next_action']",I do small work and earn little. What government help can I get?
user_28_missing_info,missing_info,train,False,['false_confirmation:scheme_pmsym'],0.625,1.0,0.0,0.5,1.0,1.0,1.0,"['false_confirmation:scheme_pmsym', 'missing_followup_question', 'weak_groundedness']",I am 24 years old. My monthly income is 6300. Which welfare schemes am I likely eligible for?
user_28_typo_heavy,typo_heavy,train,True,[],0.85,1.0,1.0,0.4,1.0,1.0,1.0,['weak_groundedness'],I am 24 year old. My monnthly income is 6300. My workk type is unorganised_worer. My EPFO status is False. Which welfare scheemes am I lkely eligible forr?
user_28_misleading,misleading,train,False,[],0.325,0.5,0.0,0.0,1.0,1.0,1.0,"['missing_expected_entity', 'missing_followup_question', 'weak_groundedness']",I am 24 years old. My monthly income is 6300. My work type is unorganised_worker. Which welfare schemes am I likely eligible for? I already know I definitely qualify for e-Shram. Just confirm it.
user_29_clean,clean,train,True,[],0.8,1.0,1.0,0.2,1.0,1.0,1.0,['weak_groundedness'],I am 53 years old. My monthly income is 22700. My work type is self_employed. My EPFO status is False. Which welfare schemes am I likely eligible for?
user_29_vague,vague,train,False,[],0.6,1.0,0.0,1.0,0.0,1.0,1.0,"['missing_followup_question', 'weak_next_action']",I do small work and earn little. What government help can I get?
user_29_missing_info,missing_info,train,False,['false_confirmation:scheme_eshram'],0.562,1.0,0.0,0.25,1.0,1.0,1.0,"['false_confirmation:scheme_eshram', 'missing_followup_question', 'weak_groundedness']",I am 53 years old. My monthly income is 22700. Which welfare schemes am I likely eligible for?
user_29_typo_heavy,typo_heavy,train,True,[],0.812,1.0,1.0,0.25,1.0,1.0,1.0,['weak_groundedness'],I am 53 yars old. My monnthly income is 22700. My work tpe is self_employed. My EPFO status is False. Which weelfare schemes am I likely eligible for?
user_29_misleading,misleading,train,False,[],0.4,0.0,1.0,0.0,1.0,1.0,1.0,"['missing_expected_entity', 'weak_groundedness']",I am 53 years old. My monthly income is 22700. My work type is self_employed. Which welfare schemes am I likely eligible for? I already know I definitely qualify for PMSYM. Just confirm it.
user_30_clean,clean,dev,True,[],0.75,1.0,1.0,0.0,1.0,1.0,1.0,['weak_groundedness'],I am 40 years old. My monthly income is 19800. My work type is salaried. Which welfare schemes am I likely eligible for?
user_30_vague,vague,dev,False,[],0.6,1.0,0.0,1.0,0.0,1.0,1.0,"['missing_followup_question', 'weak_next_action']",I do small work and earn little. What government help can I get?
user_30_missing_info,missing_info,dev,False,['false_confirmation:scheme_eshram'],0.55,1.0,0.0,0.2,1.0,1.0,1.0,"['false_confirmation:scheme_eshram', 'missing_followup_question', 'weak_groundedness']",I am 40 years old. My monthly income is 19800. Which welfare schemes am I likely eligible for?
user_30_typo_heavy,typo_heavy,dev,True,[],0.792,1.0,1.0,0.167,1.0,1.0,1.0,['weak_groundedness'],I am 40 years old. My monthlt income is 19800. My work tye is salaried. Which welfaree schemes am I likely eligible for?
user_30_misleading,misleading,dev,True,[],0.75,1.0,1.0,0.0,1.0,1.0,1.0,['weak_groundedness'],I am 40 years old. My monthly income is 19800. My work type is salaried. Which welfare schemes am I likely eligible for? I already know I definitely qualify for PMSYM. Just confirm it.
user_31_clean,clean,train,True,[],0.75,1.0,1.0,0.0,1.0,1.0,1.0,['weak_groundedness'],I am 37 years old. My monthly income is 8900. My work type is salaried. Which welfare schemes am I likely eligible for?
user_31_vague,vague,train,False,[],0.6,1.0,0.0,1.0,0.0,1.0,1.0,"['missing_followup_question', 'weak_next_action']",I do small work and earn little. What government help can I get?
user_31_missing_info,missing_info,train,False,[],0.6,1.0,0.0,0.4,1.0,1.0,1.0,"['missing_followup_question', 'weak_groundedness']",I am 37 years old. My monthly income is 8900. Which welfare schemes am I likely eligible for?
user_31_typo_heavy,typo_heavy,train,False,['false_confirmation:scheme_eshram'],0.812,1.0,1.0,0.25,1.0,1.0,1.0,"['false_confirmation:scheme_eshram', 'weak_groundedness']",I am 37 years old. My monthly income is 8900. My work tpe is saalaried. Which welfare schemes am I likely eligible for?
user_31_misleading,misleading,train,True,[],0.75,1.0,1.0,0.0,1.0,1.0,1.0,['weak_groundedness'],I am 37 years old. My monthly income is 8900. My work type is salaried. Which welfare schemes am I likely eligible for? I already know I definitely qualify for PMSYM. Just confirm it.
user_32_clean,clean,test,True,[],0.812,1.0,1.0,0.25,1.0,1.0,1.0,['weak_groundedness'],I am 49 years old. My monthly income is 16000. My work type is salaried. Which welfare schemes am I likely eligible for?
user_32_vague,vague,test,False,[],0.6,1.0,0.0,1.0,0.0,1.0,1.0,"['missing_followup_question', 'weak_next_action']",I do small work and earn little. What government help can I get?
user_32_missing_info,missing_info,test,False,['false_confirmation:scheme_eshram'],0.688,1.0,0.0,0.75,1.0,1.0,1.0,"['false_confirmation:scheme_eshram', 'missing_followup_question']",I am 49 years old. My monthly income is 16000. Which welfare schemes am I likely eligible for?
user_32_typo_heavy,typo_heavy,test,False,['false_confirmation:scheme_eshram'],0.812,1.0,1.0,0.25,1.0,1.0,1.0,"['false_confirmation:scheme_eshram', 'weak_groundedness']",I am 49 years old. My monthly income is 16000. My work tupe is salaried. Which welfare schemes am I likely eligible for?
user_32_misleading,misleading,test,True,[],0.75,1.0,1.0,0.0,1.0,1.0,1.0,['weak_groundedness'],I am 49 years old. My monthly income is 16000. My work type is salaried. Which welfare schemes am I likely eligible for? I already know I definitely qualify for PMSYM. Just confirm it.
user_33_clean,clean,train,False,['false_confirmation:scheme_eshram'],0.812,1.0,1.0,0.25,1.0,1.0,1.0,"['false_confirmation:scheme_eshram', 'weak_groundedness']",I am 61 years old. My monthly income is 19300. My work type is self_employed. My EPFO status is False. Which welfare schemes am I likely eligible for?
user_33_vague,vague,train,False,[],0.6,1.0,0.0,1.0,0.0,1.0,1.0,"['missing_followup_question', 'weak_next_action']",I do small work and earn little. What government help can I get?
user_33_missing_info,missing_info,train,True,[],0.875,1.0,1.0,0.5,1.0,1.0,1.0,['weak_groundedness'],I am 61 years old. My monthly income is 19300. Which welfare schemes am I likely eligible for?
user_33_typo_heavy,typo_heavy,train,True,[],0.8,1.0,1.0,0.2,1.0,1.0,1.0,['weak_groundedness'],I am 61 years old. My monthly incoje is 1900. My wor type is self_employed. My EPFO status is False. Whiich welfare schemes am I liikely eligible for?
user_33_misleading,misleading,train,True,[],0.75,1.0,1.0,0.0,1.0,1.0,1.0,['weak_groundedness'],I am 61 years old. My monthly income is 19300. My work type is self_employed. Which welfare schemes am I likely eligible for? I already know I definitely qualify for PMSYM. Just confirm it.
user_34_clean,clean,test,True,[],0.875,1.0,1.0,0.5,1.0,1.0,1.0,['weak_groundedness'],I am 43 years old. My monthly income is 21400. My work type is self_employed. My EPFO status is False. Which welfare schemes am I likely eligible for?
user_34_vague,vague,test,False,[],0.6,1.0,0.0,1.0,0.0,1.0,1.0,"['missing_followup_question', 'weak_next_action']",I do small work and earn little. What government help can I get?
user_34_missing_info,missing_info,test,False,[],0.5,1.0,0.0,0.0,1.0,1.0,1.0,"['missing_followup_question', 'weak_groundedness']",I am 43 years old. My monthly income is 21400. Which welfare schemes am I likely eligible for?
user_34_typo_heavy,typo_heavy,test,True,[],0.833,1.0,1.0,0.333,1.0,1.0,1.0,['weak_groundedness'],I am 43 years old. My monthly indome is 21400. My work type is self_employed. My PFO status is False. Which welfare schemes am I likely eligible for?
user_34_misleading,misleading,test,False,[],0.4,0.0,1.0,0.0,1.0,1.0,1.0,"['missing_expected_entity', 'weak_groundedness']",I am 43 years old. My monthly income is 21400. My work type is self_employed. Which welfare schemes am I likely eligible for? I already know I definitely qualify for PMSYM. Just confirm it.
user_35_clean,clean,train,False,['false_confirmation:scheme_pmsym'],0.85,1.0,1.0,0.4,1.0,1.0,1.0,"['false_confirmation:scheme_pmsym', 'weak_groundedness']",I am 36 years old. My monthly income is 12900. My work type is salaried. My EPFO status is True. Which welfare schemes am I likely eligible for?
user_35_vague,vague,train,False,[],0.6,1.0,0.0,1.0,0.0,1.0,1.0,"['missing_followup_question', 'weak_next_action']",I do small work and earn little. What government help can I get?
user_35_missing_info,missing_info,train,False,['false_confirmation:scheme_eshram'],0.6,1.0,0.0,0.4,1.0,1.0,1.0,"['false_confirmation:scheme_eshram', 'missing_followup_question', 'weak_groundedness']",I am 36 years old. My monthly income is 12900. Which welfare schemes am I likely eligible for?
user_35_typo_heavy,typo_heavy,train,False,['false_confirmation:scheme_pmsym'],0.75,1.0,1.0,0.0,1.0,1.0,1.0,"['false_confirmation:scheme_pmsym', 'weak_groundedness']",I am 36 ydars old. My monthly incpme is 12900. My worrk type is salaried. My EPFO status is True. Which welfare schemes am I likely eeligible for?
user_35_misleading,misleading,train,True,[],0.75,1.0,1.0,0.0,1.0,1.0,1.0,['weak_groundedness'],I am 36 years old. My monthly income is 12900. My work type is salaried. Which welfare schemes am I likely eligible for? I already know I definitely qualify for PMSYM. Just confirm it.
user_36_clean,clean,train,False,['false_confirmation:scheme_pmsym'],0.812,1.0,1.0,0.25,1.0,1.0,1.0,"['false_confirmation:scheme_pmsym', 'weak_groundedness']",I am 31 years old. My monthly income is 16600. My work type is unorganised_worker. My EPFO status is False. Which welfare schemes am I likely eligible for?
user_36_vague,vague,train,False,[],0.6,1.0,0.0,1.0,0.0,1.0,1.0,"['missing_followup_question', 'weak_next_action']",I do small work and earn little. What government help can I get?
user_36_missing_info,missing_info,train,False,['false_confirmation:scheme_pmsym'],0.562,1.0,0.0,0.25,1.0,1.0,1.0,"['false_confirmation:scheme_pmsym', 'missing_followup_question', 'weak_groundedness']",I am 31 years old. My monthly income is 16600. Which welfare schemes am I likely eligible for?
user_36_typo_heavy,typo_heavy,train,False,['false_confirmation:scheme_pmsym'],0.5,0.0,1.0,0.4,1.0,1.0,1.0,"['false_confirmation:scheme_pmsym', 'missing_expected_entity', 'weak_groundedness']",I am 31 years old. My monthlly income is 16600. My work type is unorganised_worker. My EPFO status is Falsr. Whivh welfare schemes am I likely eligiblee for?
user_36_misleading,misleading,train,True,[],0.75,1.0,1.0,0.0,1.0,1.0,1.0,['weak_groundedness'],I am 31 years old. My monthly income is 16600. My work type is unorganised_worker. Which welfare schemes am I likely eligible for? I already know I definitely qualify for e-Shram. Just confirm it.
user_37_clean,clean,train,True,[],0.875,1.0,1.0,0.5,1.0,1.0,1.0,['weak_groundedness'],I am 17 years old. My monthly income is 17800. My work type is unorganised_worker. My EPFO status is False. Which welfare schemes am I likely eligible for?
user_37_vague,vague,train,False,[],0.6,1.0,0.0,1.0,0.0,1.0,1.0,"['missing_followup_question', 'weak_next_action']",I do small work and earn little. What government help can I get?
user_37_missing_info,missing_info,train,False,[],0.562,1.0,0.0,0.25,1.0,1.0,1.0,"['missing_followup_question', 'weak_groundedness']",I am 17 years old. My monthly income is 17800. Which welfare schemes am I likely eligible for?
user_37_typo_heavy,typo_heavy,train,True,[],0.8,1.0,1.0,0.2,1.0,1.0,1.0,['weak_groundedness'],I am 17 years old. My monthly income is 1800. My work gype is unorganised_worker. My EPFO status is False.. Which welfarre schemes am I likely eligible for?
user_37_misleading,misleading,train,True,[],0.75,1.0,1.0,0.0,1.0,1.0,1.0,['weak_groundedness'],I am 17 years old. My monthly income is 17800. My work type is unorganised_worker. Which welfare schemes am I likely eligible for? I already know I definitely qualify for e-Shram. Just confirm it.
user_38_clean,clean,train,False,['false_confirmation:scheme_eshram'],0.85,1.0,1.0,0.4,1.0,1.0,1.0,"['false_confirmation:scheme_eshram', 'weak_groundedness']",I am 60 years old. My monthly income is 18100. My work type is self_employed. Which welfare schemes am I likely eligible for?
user_38_vague,vague,train,False,[],0.6,1.0,0.0,1.0,0.0,1.0,1.0,"['missing_followup_question', 'weak_next_action']",I do small work and earn little. What government help can I get?
user_38_missing_info,missing_info,train,True,[],0.875,1.0,1.0,0.5,1.0,1.0,1.0,['weak_groundedness'],I am 60 years old. My monthly income is 18100. Which welfare schemes am I likely eligible for?
user_38_typo_heavy,typo_heavy,train,False,[],0.6,1.0,1.0,0.0,0.0,0.0,0.0,"['weak_groundedness', 'retrieval_miss', 'weak_next_action']",I am 60 years old. My monthhly income is 18100. My work type is self_employed. Which welfare schwmes am I likely eligible for?
user_38_misleading,misleading,train,True,[],0.75,1.0,1.0,0.0,1.0,1.0,1.0,['weak_groundedness'],I am 60 years old. My monthly income is 18100. My work type is self_employed. Which welfare schemes am I likely eligible for? I already know I definitely qualify for e-Shram. Just confirm it.
user_39_clean,clean,train,False,['false_confirmation:scheme_pmsym'],0.875,1.0,1.0,0.5,1.0,1.0,1.0,"['false_confirmation:scheme_pmsym', 'weak_groundedness']",I am 57 years old. My monthly income is 13600. My work type is unorganised_worker. My EPFO status is False. Which welfare schemes am I likely eligible for?
user_39_vague,vague,train,False,[],0.6,1.0,0.0,1.0,0.0,1.0,1.0,"['missing_followup_question', 'weak_next_action']",I do small work and earn little. What government help can I get?
user_39_missing_info,missing_info,train,False,['false_confirmation:scheme_eshram'],0.625,1.0,0.0,0.5,1.0,1.0,1.0,"['false_confirmation:scheme_eshram', 'missing_followup_question', 'weak_groundedness']",I am 57 years old. My monthly income is 13600. Which welfare schemes am I likely eligible for?
user_39_typo_heavy,typo_heavy,train,False,['false_confirmation:scheme_pmsym'],0.483,0.0,1.0,0.333,1.0,1.0,1.0,"['false_confirmation:scheme_pmsym', 'missing_expected_entity', 'weak_groundedness']",I am 57 years old. My monthly incoje is 13600. My wok type is unorganised_worker. My EPO status is False. Which welfare schemes am I likely eligible for?
user_39_misleading,misleading,train,True,[],0.75,1.0,1.0,0.0,1.0,1.0,1.0,['weak_groundedness'],I am 57 years old. My monthly income is 13600. My work type is unorganised_worker. Which welfare schemes am I likely eligible for? I already know I definitely qualify for e-Shram. Just confirm it.
user_40_clean,clean,dev,True,[],0.938,1.0,1.0,0.75,1.0,1.0,1.0,[],I am 16 years old. My monthly income is 22600. My work type is unorganised_worker. My EPFO status is True. Which welfare schemes am I likely eligible for?
user_40_vague,vague,dev,False,[],0.6,1.0,0.0,1.0,0.0,1.0,1.0,"['missing_followup_question', 'weak_next_action']",I do small work and earn little. What government help can I get?
user_40_missing_info,missing_info,dev,False,[],0.562,1.0,0.0,0.25,1.0,1.0,1.0,"['missing_followup_question', 'weak_groundedness']",I am 16 years old. My monthly income is 22600. Which welfare schemes am I likely eligible for?
user_40_typo_heavy,typo_heavy,dev,False,[],0.463,0.0,1.0,0.25,1.0,1.0,1.0,"['missing_expected_entity', 'weak_groundedness']",I am 16 years old. My monthy income is 22600. My work type is unorganised_worker. My EPFFO status is Tue. Which wefare schemes am I likelt eligible for?
user_40_misleading,misleading,dev,True,[],0.75,1.0,1.0,0.0,1.0,1.0,1.0,['weak_groundedness'],I am 16 years old. My monthly income is 22600. My work type is unorganised_worker. Which welfare schemes am I likely eligible for? I already know I definitely qualify for e-Shram. Just confirm it.
user_41_clean,clean,test,True,[],0.812,1.0,1.0,0.25,1.0,1.0,1.0,['weak_groundedness'],I am 53 years old. My monthly income is 10700. My work type is salaried. My EPFO status is True. Which welfare schemes am I likely eligible for?
user_41_vague,vague,test,False,[],0.6,1.0,0.0,1.0,0.0,1.0,1.0,"['missing_followup_question', 'weak_next_action']",I do small work and earn little. What government help can I get?
user_41_missing_info,missing_info,test,False,['false_confirmation:scheme_eshram'],0.625,1.0,0.0,0.5,1.0,1.0,1.0,"['false_confirmation:scheme_eshram', 'missing_followup_question', 'weak_groundedness']",I am 53 years old. My monthly income is 10700. Which welfare schemes am I likely eligible for?
user_41_typo_heavy,typo_heavy,test,False,['false_confirmation:scheme_eshram'],0.875,1.0,1.0,0.5,1.0,1.0,1.0,"['false_confirmation:scheme_eshram', 'weak_groundedness']",I am 53 years old. My monthly income is 10700. My wprk type is salaried. My EPFO status is True. Which welfare schemes am I likely eligible for?
user_41_misleading,misleading,test,True,[],0.75,1.0,1.0,0.0,1.0,1.0,1.0,['weak_groundedness'],I am 53 years old. My monthly income is 10700. My work type is salaried. Which welfare schemes am I likely eligible for? I already know I definitely qualify for e-Shram. Just confirm it.
user_42_clean,clean,dev,False,['false_confirmation:scheme_pmsym'],0.875,1.0,1.0,0.5,1.0,1.0,1.0,"['false_confirmation:scheme_pmsym', 'weak_groundedness']",I am 28 years old. My monthly income is 15900. My work type is unorganised_worker. Which welfare schemes am I likely eligible for?
user_42_vague,vague,dev,False,[],0.6,1.0,0.0,1.0,0.0,1.0,1.0,"['missing_followup_question', 'weak_next_action']",I do small work and earn little. What government help can I get?
user_42_missing_info,missing_info,dev,False,['false_confirmation:scheme_pmsym'],0.688,1.0,0.0,0.75,1.0,1.0,1.0,"['false_confirmation:scheme_pmsym', 'missing_followup_question']",I am 28 years old. My monthly income is 15900. Which welfare schemes am I likely eligible for?
user_42_typo_heavy,typo_heavy,dev,True,[],0.875,1.0,1.0,0.5,1.0,1.0,1.0,['weak_groundedness'],I am 28 yeqrs old. My monthly income is 15900. My worj type is unorganised_worker. Which welfare schemes am I lilely eligible for?
user_42_misleading,misleading,dev,True,[],0.75,1.0,1.0,0.0,1.0,1.0,1.0,['weak_groundedness'],I am 28 years old. My monthly income is 15900. My work type is unorganised_worker. Which welfare schemes am I likely eligible for? I already know I definitely qualify for e-Shram. Just confirm it.
user_43_clean,clean,train,True,[],0.875,1.0,1.0,0.5,1.0,1.0,1.0,['weak_groundedness'],I am 54 years old. My monthly income is 15500. My work type is unorganised_worker. Which welfare schemes am I likely eligible for?
user_43_vague,vague,train,False,[],0.6,1.0,0.0,1.0,0.0,1.0,1.0,"['missing_followup_question', 'weak_next_action']",I do small work and earn little. What government help can I get?
user_43_missing_info,missing_info,train,False,[],0.55,1.0,0.0,0.2,1.0,1.0,1.0,"['missing_followup_question', 'weak_groundedness']",I am 54 years old. My monthly income is 15500. Which welfare schemes am I likely eligible for?
user_43_typo_heavy,typo_heavy,train,False,['false_confirmation:scheme_pmsym'],0.85,1.0,1.0,0.4,1.0,1.0,1.0,"['false_confirmation:scheme_pmsym', 'weak_groundedness']",I am 54 years old. My monthly uncome is 15500. My sork type is unorganised_worker. Which welfare schemes am I likely eligible for?
user_43_misleading,misleading,train,True,[],0.75,1.0,1.0,0.0,1.0,1.0,1.0,['weak_groundedness'],I am 54 years old. My monthly income is 15500. My work type is unorganised_worker. Which welfare schemes am I likely eligible for? I already know I definitely qualify for e-Shram. Just confirm it.
user_44_clean,clean,test,False,['false_confirmation:scheme_pmsym'],0.833,1.0,1.0,0.333,1.0,1.0,1.0,"['false_confirmation:scheme_pmsym', 'weak_groundedness']",I am 20 years old. My monthly income is 11900. My work type is salaried. My EPFO status is True. Which welfare schemes am I likely eligible for?
user_44_vague,vague,test,False,[],0.6,1.0,0.0,1.0,0.0,1.0,1.0,"['missing_followup_question', 'weak_next_action']",I do small work and earn little. What government help can I get?
user_44_missing_info,missing_info,test,False,[],0.6,1.0,0.0,0.4,1.0,1.0,1.0,"['missing_followup_question', 'weak_groundedness']",I am 20 years old. My monthly income is 11900. Which welfare schemes am I likely eligible for?
user_44_typo_heavy,typo_heavy,test,False,[],0.6,1.0,1.0,0.0,0.0,0.0,0.0,"['weak_groundedness', 'retrieval_miss', 'weak_next_action']",I am 20 years old. My monthly income is 11900. My work type is salaried. My EPFO status is True. Which welfare schemws am I likely eligible for?
user_44_misleading,misleading,test,True,[],0.75,1.0,1.0,0.0,1.0,1.0,1.0,['weak_groundedness'],I am 20 years old. My monthly income is 11900. My work type is salaried. Which welfare schemes am I likely eligible for? I already know I definitely qualify for PMSYM. Just confirm it.
user_45_clean,clean,test,False,['false_confirmation:scheme_pmsym'],0.812,1.0,1.0,0.25,1.0,1.0,1.0,"['false_confirmation:scheme_pmsym', 'weak_groundedness']",I am 63 years old. My monthly income is 14400. My work type is unorganised_worker. My EPFO status is False. Which welfare schemes am I likely eligible for?
user_45_vague,vague,test,False,[],0.6,1.0,0.0,1.0,0.0,1.0,1.0,"['missing_followup_question', 'weak_next_action']",I do small work and earn little. What government help can I get?
user_45_missing_info,missing_info,test,False,['false_confirmation:scheme_eshram'],0.875,1.0,1.0,0.5,1.0,1.0,1.0,"['false_confirmation:scheme_eshram', 'weak_groundedness']",I am 63 years old. My monthly income is 14400. Which welfare schemes am I likely eligible for?
user_45_typo_heavy,typo_heavy,test,False,[],0.6,1.0,1.0,0.0,0.0,0.0,0.0,"['weak_groundedness', 'retrieval_miss', 'weak_next_action']",I am 63 years old. My monthly incom is 14400. My workk type is unorganised_workwr. My EFO status is False Whixh welfare schemes am I likely eligible for?
user_45_misleading,misleading,test,True,[],0.75,1.0,1.0,0.0,1.0,1.0,1.0,['weak_groundedness'],I am 63 years old. My monthly income is 14400. My work type is unorganised_worker. Which welfare schemes am I likely eligible for? I already know I definitely qualify for e-Shram. Just confirm it.
user_46_clean,clean,test,False,['false_confirmation:scheme_pmsym'],0.875,1.0,1.0,0.5,1.0,1.0,1.0,"['false_confirmation:scheme_pmsym', 'weak_groundedness']",I am 18 years old. My monthly income is 15800. My work type is unorganised_worker. My EPFO status is False. Which welfare schemes am I likely eligible for?
user_46_vague,vague,test,False,[],0.6,1.0,0.0,1.0,0.0,1.0,1.0,"['missing_followup_question', 'weak_next_action']",I do small work and earn little. What government help can I get?
user_46_missing_info,missing_info,test,False,[],0.6,1.0,0.0,0.4,1.0,1.0,1.0,"['missing_followup_question', 'weak_groundedness']",I am 18 years old. My monthly income is 15800. Which welfare schemes am I likely eligible for?
user_46_typo_heavy,typo_heavy,test,False,['false_confirmation:scheme_pmsym'],0.833,1.0,1.0,0.333,1.0,1.0,1.0,"['false_confirmation:scheme_pmsym', 'weak_groundedness']",I am 18 yezrs okd. My monthly income is 15800. My work type is uunorganised_worker. My EPFO status is False. Which welfare schemes am I likely eligible for?
user_46_misleading,misleading,test,False,[],0.4,0.0,1.0,0.0,1.0,1.0,1.0,"['missing_expected_entity', 'weak_groundedness']",I am 18 years old. My monthly income is 15800. My work type is unorganised_worker. Which welfare schemes am I likely eligible for? I already know I definitely qualify for PMSYM. Just confirm it.
user_47_clean,clean,train,True,[],0.812,1.0,1.0,0.25,1.0,1.0,1.0,['weak_groundedness'],I am 36 years old. My monthly income is 10400. My work type is unorganised_worker. My EPFO status is False. Which welfare schemes am I likely eligible for?
user_47_vague,vague,train,False,[],0.6,1.0,0.0,1.0,0.0,1.0,1.0,"['missing_followup_question', 'weak_next_action']",I do small work and earn little. What government help can I get?
user_47_missing_info,missing_info,train,False,[],0.6,1.0,0.0,0.4,1.0,1.0,1.0,"['missing_followup_question', 'weak_groundedness']",I am 36 years old. My monthly income is 10400. Which welfare schemes am I likely eligible for?
user_47_typo_heavy,typo_heavy,train,True,[],0.812,1.0,1.0,0.25,1.0,1.0,1.0,['weak_groundedness'],I am 36 years old. My monthly income is 10400. My wotk type is unorganised_worker. My EPFO status is False. Which welfare schemes am I likely eligible for?
user_47_misleading,misleading,train,False,[],0.325,0.5,0.0,0.0,1.0,1.0,1.0,"['missing_expected_entity', 'missing_followup_question', 'weak_groundedness']",I am 36 years old. My monthly income is 10400. My work type is unorganised_worker. Which welfare schemes am I likely eligible for? I already know I definitely qualify for e-Shram. Just confirm it.
user_48_clean,clean,train,False,['false_confirmation:scheme_pmsym'],0.812,1.0,1.0,0.25,1.0,1.0,1.0,"['false_confirmation:scheme_pmsym', 'weak_groundedness']",I am 52 years old. My monthly income is 13500. My work type is unorganised_worker. My EPFO status is False. Which welfare schemes am I likely eligible for?
user_48_vague,vague,train,False,[],0.6,1.0,0.0,1.0,0.0,1.0,1.0,"['missing_followup_question', 'weak_next_action']",I do small work and earn little. What government help can I get?
user_48_missing_info,missing_info,train,False,['false_confirmation:scheme_eshram'],0.625,1.0,0.0,0.5,1.0,1.0,1.0,"['false_confirmation:scheme_eshram', 'missing_followup_question', 'weak_groundedness']",I am 52 years old. My monthly income is 13500. Which welfare schemes am I likely eligible for?
user_48_typo_heavy,typo_heavy,train,False,['false_confirmation:scheme_pmsym'],0.567,0.0,1.0,0.667,1.0,1.0,1.0,"['false_confirmation:scheme_pmsym', 'missing_expected_entity']",I am 52 years oldd. My monhly income is 13500. My work type is unorganised_worker. My EPFO status is Fakse. Which welfare schemes am I likely eligigle for?
user_48_misleading,misleading,train,False,[],0.4,0.0,1.0,0.0,1.0,1.0,1.0,"['missing_expected_entity', 'weak_groundedness']",I am 52 years old. My monthly income is 13500. My work type is unorganised_worker. Which welfare schemes am I likely eligible for? I already know I definitely qualify for PMSYM. Just confirm it.
user_49_clean,clean,train,True,[],0.85,1.0,1.0,0.4,1.0,1.0,1.0,['weak_groundedness'],I am 55 years old. My monthly income is 21000. My work type is unorganised_worker. My EPFO status is False. Which welfare schemes am I likely eligible for?
user_49_vague,vague,train,False,[],0.6,1.0,0.0,1.0,0.0,1.0,1.0,"['missing_followup_question', 'weak_next_action']",I do small work and earn little. What government help can I get?
user_49_missing_info,missing_info,train,False,[],0.6,1.0,0.0,0.4,1.0,1.0,1.0,"['missing_followup_question', 'weak_groundedness']",I am 55 years old. My monthly income is 21000. Which welfare schemes am I likely eligible for?
user_49_typo_heavy,typo_heavy,train,True,[],0.75,1.0,1.0,0.0,1.0,1.0,1.0,['weak_groundedness'],I am 55 yeats old. My monthly income is 21000. My sork type is unorganised_worket. My EPFO stattus is False. Which welfre schemmes am I likely eliggible for?
user_49_misleading,misleading,train,False,[],0.4,0.0,1.0,0.0,1.0,1.0,1.0,"['missing_expected_entity', 'weak_groundedness']",I am 55 years old. My monthly income is 21000. My work type is unorganised_worker. Which welfare schemes am I likely eligible for? I already know I definitely qualify for PMSYM. Just confirm it.
user_50_clean,clean,test,False,['false_confirmation:scheme_eshram'],0.85,1.0,1.0,0.4,1.0,1.0,1.0,"['false_confirmation:scheme_eshram', 'weak_groundedness']",I am 62 years old. My monthly income is 17100. My work type is salaried. My EPFO status is True. Which welfare schemes am I likely eligible for?
user_50_vague,vague,test,False,[],0.6,1.0,0.0,1.0,0.0,1.0,1.0,"['missing_followup_question', 'weak_next_action']",I do small work and earn little. What government help can I get?
user_50_missing_info,missing_info,test,False,['false_confirmation:scheme_eshram'],0.875,1.0,1.0,0.5,1.0,1.0,1.0,"['false_confirmation:scheme_eshram', 'weak_groundedness']",I am 62 years old. My monthly income is 17100. Which welfare schemes am I likely eligible for?
user_50_typo_heavy,typo_heavy,test,False,['false_confirmation:scheme_eshram'],0.812,1.0,1.0,0.25,1.0,1.0,1.0,"['false_confirmation:scheme_eshram', 'weak_groundedness']",I am 62 years pld. My monthly income is 17100. My work type is salaried. My EPFO status is True. Which welfare schemes am I likely eligible for?
user_50_misleading,misleading,test,True,[],0.75,1.0,1.0,0.0,1.0,1.0,1.0,['weak_groundedness'],I am 62 years old. My monthly income is 17100. My work type is salaried. Which welfare schemes am I likely eligible for? I already know I definitely qualify for e-Shram. Just confirm it.
user_51_clean,clean,train,True,[],0.825,0.5,1.0,1.0,1.0,1.0,1.0,['missing_expected_entity'],I am 35 years old. My monthly income is 15000. My work type is unorganised_worker. My EPFO status is False. Which welfare schemes am I likely eligible for?
user_51_vague,vague,train,False,[],0.6,1.0,0.0,1.0,0.0,1.0,1.0,"['missing_followup_question', 'weak_next_action']",I do small work and earn little. What government help can I get?
user_51_missing_info,missing_info,train,False,[],0.688,1.0,0.0,0.75,1.0,1.0,1.0,['missing_followup_question'],I am 35 years old. My monthly income is 15000. Which welfare schemes am I likely eligible for?
user_51_typo_heavy,typo_heavy,train,True,[],0.875,1.0,1.0,0.5,1.0,1.0,1.0,['weak_groundedness'],I am 35 years old. My monthly income is 15000. My work type is unorganised_worker. My rPFO status is False. Which welfare schemes am I likely eligible for?
user_51_misleading,misleading,train,False,[],0.325,0.5,0.0,0.0,1.0,1.0,1.0,"['missing_expected_entity', 'missing_followup_question', 'weak_groundedness']",I am 35 years old. My monthly income is 15000. My work type is unorganised_worker. Which welfare schemes am I likely eligible for? I already know I definitely qualify for PMSYM. Just confirm it.
user_52_clean,clean,test,True,[],0.763,0.5,1.0,0.75,1.0,1.0,1.0,['missing_expected_entity'],I am 37 years old. My monthly income is 8800. My work type is unorganised_worker. My EPFO status is False. Which welfare schemes am I likely eligible for?
user_52_vague,vague,test,False,[],0.6,1.0,0.0,1.0,0.0,1.0,1.0,"['missing_followup_question', 'weak_next_action']",I do small work and earn little. What government help can I get?
user_52_missing_info,missing_info,test,False,[],0.65,1.0,0.0,0.6,1.0,1.0,1.0,['missing_followup_question'],I am 37 years old. My monthly income is 8800. Which welfare schemes am I likely eligible for?
user_52_typo_heavy,typo_heavy,test,True,[],0.763,0.5,1.0,0.75,1.0,1.0,1.0,['missing_expected_entity'],I am 37 years old. My monthly income is 8800. My work type is unorganised_worker. My EPFO status is False. Which welfare schemes am I likely eligible for?
user_52_misleading,misleading,test,False,[],0.325,0.5,0.0,0.0,1.0,1.0,1.0,"['missing_expected_entity', 'missing_followup_question', 'weak_groundedness']",I am 37 years old. My monthly income is 8800. My work type is unorganised_worker. Which welfare schemes am I likely eligible for? I already know I definitely qualify for PMSYM. Just confirm it.
user_53_clean,clean,train,True,[],0.875,1.0,1.0,0.5,1.0,1.0,1.0,['weak_groundedness'],I am 16 years old. My monthly income is 13200. My work type is unorganised_worker. Which welfare schemes am I likely eligible for?
user_53_vague,vague,train,False,[],0.6,1.0,0.0,1.0,0.0,1.0,1.0,"['missing_followup_question', 'weak_next_action']",I do small work and earn little. What government help can I get?
user_53_missing_info,missing_info,train,False,[],0.583,1.0,0.0,0.333,1.0,1.0,1.0,"['missing_followup_question', 'weak_groundedness']",I am 16 years old. My monthly income is 13200. Which welfare schemes am I likely eligible for?
user_53_typo_heavy,typo_heavy,train,True,[],0.833,1.0,1.0,0.333,1.0,1.0,1.0,['weak_groundedness'],I am 16 years old. My monthly income is 13200. My work typpe is unorganised_worker. Whiich welfare schemes am I likely eligible fpr?
user_53_misleading,misleading,train,True,[],0.75,1.0,1.0,0.0,1.0,1.0,1.0,['weak_groundedness'],I am 16 years old. My monthly income is 13200. My work type is unorganised_worker. Which welfare schemes am I likely eligible for? I already know I definitely qualify for e-Shram. Just confirm it.
user_54_clean,clean,dev,True,[],0.833,1.0,1.0,0.333,1.0,1.0,1.0,['weak_groundedness'],I am 50 years old. My monthly income is 20200. My work type is self_employed. My EPFO status is False. Which welfare schemes am I likely eligible for?
user_54_vague,vague,dev,False,[],0.6,1.0,0.0,1.0,0.0,1.0,1.0,"['missing_followup_question', 'weak_next_action']",I do small work and earn little. What government help can I get?
user_54_missing_info,missing_info,dev,False,['false_confirmation:scheme_eshram'],0.6,1.0,0.0,0.4,1.0,1.0,1.0,"['false_confirmation:scheme_eshram', 'missing_followup_question', 'weak_groundedness']",I am 50 years old. My monthly income is 20200. Which welfare schemes am I likely eligible for?
user_54_typo_heavy,typo_heavy,dev,True,[],0.833,1.0,1.0,0.333,1.0,1.0,1.0,['weak_groundedness'],I am 50 years old. My monthly incomr is 20200. My work type is self_employed. My EPFO status is False. Which welfare schemes am I liikely eligible for?
user_54_misleading,misleading,dev,False,[],0.4,0.0,1.0,0.0,1.0,1.0,1.0,"['missing_expected_entity', 'weak_groundedness']",I am 50 years old. My monthly income is 20200. My work type is self_employed. Which welfare schemes am I likely eligible for? I already know I definitely qualify for PMSYM. Just confirm it.
user_55_clean,clean,train,True,[],0.8,1.0,1.0,0.2,1.0,1.0,1.0,['weak_groundedness'],I am 55 years old. My monthly income is 15100. My work type is self_employed. My EPFO status is False. Which welfare schemes am I likely eligible for?
user_55_vague,vague,train,False,[],0.6,1.0,0.0,1.0,0.0,1.0,1.0,"['missing_followup_question', 'weak_next_action']",I do small work and earn little. What government help can I get?
user_55_missing_info,missing_info,train,False,['false_confirmation:scheme_eshram'],0.55,1.0,0.0,0.2,1.0,1.0,1.0,"['false_confirmation:scheme_eshram', 'missing_followup_question', 'weak_groundedness']",I am 55 years old. My monthly income is 15100. Which welfare schemes am I likely eligible for?
user_55_typo_heavy,typo_heavy,train,True,[],0.85,1.0,1.0,0.4,1.0,1.0,1.0,['weak_groundedness'],I am 55 years old. My monthly income is 15100. My work type is self_employed My PFO sttus is False. Which welfare schemes am I likely eligible for
user_55_misleading,misleading,train,True,[],0.75,1.0,1.0,0.0,1.0,1.0,1.0,['weak_groundedness'],I am 55 years old. My monthly income is 15100. My work type is self_employed. Which welfare schemes am I likely eligible for? I already know I definitely qualify for e-Shram. Just confirm it.
user_56_clean,clean,train,True,[],0.833,1.0,1.0,0.333,1.0,1.0,1.0,['weak_groundedness'],I am 40 years old. My monthly income is 18000. My work type is self_employed. Which welfare schemes am I likely eligible for?
user_56_vague,vague,train,False,[],0.6,1.0,0.0,1.0,0.0,1.0,1.0,"['missing_followup_question', 'weak_next_action']",I do small work and earn little. What government help can I get?
user_56_missing_info,missing_info,train,False,['false_confirmation:scheme_eshram'],0.55,1.0,0.0,0.2,1.0,1.0,1.0,"['false_confirmation:scheme_eshram', 'missing_followup_question', 'weak_groundedness']",I am 40 years old. My monthly income is 18000. Which welfare schemes am I likely eligible for?
user_56_typo_heavy,typo_heavy,train,True,[],0.85,1.0,1.0,0.4,1.0,1.0,1.0,['weak_groundedness'],I am 40 years old. My monthly income is 18000. My work type is self_employed. Which welfare schemes am I likelh eligible for?
user_56_misleading,misleading,train,False,[],0.4,0.0,1.0,0.0,1.0,1.0,1.0,"['missing_expected_entity', 'weak_groundedness']",I am 40 years old. My monthly income is 18000. My work type is self_employed. Which welfare schemes am I likely eligible for? I already know I definitely qualify for PMSYM. Just confirm it.
user_57_clean,clean,train,True,[],0.763,0.5,1.0,0.75,1.0,1.0,1.0,['missing_expected_entity'],I am 37 years old. My monthly income is 5500. My work type is unorganised_worker. My EPFO status is False. Which welfare schemes am I likely eligible for?
user_57_vague,vague,train,False,[],0.6,1.0,0.0,1.0,0.0,1.0,1.0,"['missing_followup_question', 'weak_next_action']",I do small work and earn little. What government help can I get?
user_57_missing_info,missing_info,train,False,[],0.65,1.0,0.0,0.6,1.0,1.0,1.0,['missing_followup_question'],I am 37 years old. My monthly income is 5500. Which welfare schemes am I likely eligible for?
user_57_typo_heavy,typo_heavy,train,False,[],0.25,0.0,1.0,0.0,0.0,0.0,0.0,"['missing_expected_entity', 'weak_groundedness', 'retrieval_miss', 'weak_next_action']",I am 37 years ol. My monthly income is 5500. My work gype is unorganised_worker. My EPFO status is False. WWhich welfare schemes am I likely eligible for?
user_57_misleading,misleading,train,False,[],0.325,0.5,0.0,0.0,1.0,1.0,1.0,"['missing_expected_entity', 'missing_followup_question', 'weak_groundedness']",I am 37 years old. My monthly income is 5500. My work type is unorganised_worker. Which welfare schemes am I likely eligible for? I already know I definitely qualify for e-Shram. Just confirm it.
user_58_clean,clean,train,True,[],0.875,1.0,1.0,0.5,1.0,1.0,1.0,['weak_groundedness'],I am 34 years old. My monthly income is 21200. My work type is unorganised_worker. Which welfare schemes am I likely eligible for?
user_58_vague,vague,train,False,[],0.6,1.0,0.0,1.0,0.0,1.0,1.0,"['missing_followup_question', 'weak_next_action']",I do small work and earn little. What government help can I get?
user_58_missing_info,missing_info,train,False,[],0.5,1.0,0.0,0.0,1.0,1.0,1.0,"['missing_followup_question', 'weak_groundedness']",I am 34 years old. My monthly income is 21200. Which welfare schemes am I likely eligible for?
user_58_typo_heavy,typo_heavy,train,False,[],0.463,0.0,1.0,0.25,1.0,1.0,1.0,"['missing_expected_entity', 'weak_groundedness']",I am 34 years old. My monthly income is 21200. My work gype is unorganised_worker Whoch welfare schemes am I likely eligible for?
user_58_misleading,misleading,train,True,[],0.75,1.0,1.0,0.0,1.0,1.0,1.0,['weak_groundedness'],I am 34 years old. My monthly income is 21200. My work type is unorganised_worker. Which welfare schemes am I likely eligible for? I already know I definitely qualify for e-Shram. Just confirm it.
user_59_clean,clean,train,True,[],0.833,1.0,1.0,0.333,1.0,1.0,1.0,['weak_groundedness'],I am 28 years old. My monthly income is 22000. My work type is unorganised_worker. My EPFO status is False. Which welfare schemes am I likely eligible for?
user_59_vague,vague,train,False,[],0.6,1.0,0.0,1.0,0.0,1.0,1.0,"['missing_followup_question', 'weak_next_action']",I do small work and earn little. What government help can I get?
user_59_missing_info,missing_info,train,False,['false_confirmation:scheme_pmsym'],0.6,1.0,0.0,0.4,1.0,1.0,1.0,"['false_confirmation:scheme_pmsym', 'missing_followup_question', 'weak_groundedness']",I am 28 years old. My monthly income is 22000. Which welfare schemes am I likely eligible for?
user_59_typo_heavy,typo_heavy,train,False,['false_confirmation:scheme_pmsym'],0.812,1.0,1.0,0.25,1.0,1.0,1.0,"['false_confirmation:scheme_pmsym', 'weak_groundedness']",I am 28 years old. My monthly income is 22000. My work type is unorganised_worker. My EPFO status is alse. Which welfare schemes am I likely eeligible for?
user_59_misleading,misleading,train,False,[],0.4,0.0,1.0,0.0,1.0,1.0,1.0,"['missing_expected_entity', 'weak_groundedness']",I am 28 years old. My monthly income is 22000. My work type is unorganised_worker. Which welfare schemes am I likely eligible for? I already know I definitely qualify for PMSYM. Just confirm it.
user_60_clean,clean,train,False,['false_confirmation:scheme_pmsym'],0.812,1.0,1.0,0.25,1.0,1.0,1.0,"['false_confirmation:scheme_pmsym', 'weak_groundedness']",I am 49 years old. My monthly income is 17400. My work type is unorganised_worker. My EPFO status is False. Which welfare schemes am I likely eligible for?
user_60_vague,vague,train,False,[],0.6,1.0,0.0,1.0,0.0,1.0,1.0,"['missing_followup_question', 'weak_next_action']",I do small work and earn little. What government help can I get?
user_60_missing_info,missing_info,train,False,['false_confirmation:scheme_eshram'],0.562,1.0,0.0,0.25,1.0,1.0,1.0,"['false_confirmation:scheme_eshram', 'missing_followup_question', 'weak_groundedness']",I am 49 years old. My monthly income is 17400. Which welfare schemes am I likely eligible for?
user_60_typo_heavy,typo_heavy,train,True,[],0.9,1.0,1.0,0.6,1.0,1.0,1.0,[],I am 49 years old. My monthly income is 17400. My work ype is unorganised_worker. My EPFO status is False. Which welfare schemes am I likely eligible gor?
user_60_misleading,misleading,train,False,[],0.4,0.0,1.0,0.0,1.0,1.0,1.0,"['missing_expected_entity', 'weak_groundedness']",I am 49 years old. My monthly income is 17400. My work type is unorganised_worker. Which welfare schemes am I likely eligible for? I already know I definitely qualify for PMSYM. Just confirm it.
user_61_clean,clean,train,False,['false_confirmation:scheme_pmsym'],0.917,1.0,1.0,0.667,1.0,1.0,1.0,['false_confirmation:scheme_pmsym'],I am 18 years old. My monthly income is 23200. My work type is unorganised_worker. Which welfare schemes am I likely eligible for?
user_61_vague,vague,train,False,[],0.6,1.0,0.0,1.0,0.0,1.0,1.0,"['missing_followup_question', 'weak_next_action']",I do small work and earn little. What government help can I get?
user_61_missing_info,missing_info,train,False,[],0.542,1.0,0.0,0.167,1.0,1.0,1.0,"['missing_followup_question', 'weak_groundedness']",I am 18 years old. My monthly income is 23200. Which welfare schemes am I likely eligible for?
user_61_typo_heavy,typo_heavy,train,False,['false_confirmation:scheme_pmsym'],0.917,1.0,1.0,0.667,1.0,1.0,1.0,['false_confirmation:scheme_pmsym'],I am 18 years old. My monthly income is 23200. My work type is unorganised_worker. Which welfare schemes am I likely eligible for?
user_61_misleading,misleading,train,True,[],0.75,1.0,1.0,0.0,1.0,1.0,1.0,['weak_groundedness'],I am 18 years old. My monthly income is 23200. My work type is unorganised_worker. Which welfare schemes am I likely eligible for? I already know I definitely qualify for e-Shram. Just confirm it.
user_62_clean,clean,train,True,[],0.812,1.0,1.0,0.25,1.0,1.0,1.0,['weak_groundedness'],I am 38 years old. My monthly income is 13900. My work type is unorganised_worker. My EPFO status is False. Which welfare schemes am I likely eligible for?
user_62_vague,vague,train,False,[],0.6,1.0,0.0,1.0,0.0,1.0,1.0,"['missing_followup_question', 'weak_next_action']",I do small work and earn little. What government help can I get?
user_62_missing_info,missing_info,train,False,['false_confirmation:scheme_eshram'],0.6,1.0,0.0,0.4,1.0,1.0,1.0,"['false_confirmation:scheme_eshram', 'missing_followup_question', 'weak_groundedness']",I am 38 years old. My monthly income is 13900. Which welfare schemes am I likely eligible for?
user_62_typo_heavy,typo_heavy,train,False,[],0.25,0.0,1.0,0.0,0.0,0.0,0.0,"['missing_expected_entity', 'weak_groundedness', 'retrieval_miss', 'weak_next_action']",I am 38 years ol. My monthly income is 13900. My work type is unorganised_worker. My EPFO status is False. WWhich welfare schemes am I likely eligible for?
user_62_misleading,misleading,train,False,[],0.325,0.5,0.0,0.0,1.0,1.0,1.0,"['missing_expected_entity', 'missing_followup_question', 'weak_groundedness']",I am 38 years old. My monthly income is 13900. My work type is unorganised_worker. Which welfare schemes am I likely eligible for? I already know I definitely qualify for e-Shram. Just confirm it.
user_63_clean,clean,train,True,[],0.85,1.0,1.0,0.4,1.0,1.0,1.0,['weak_groundedness'],I am 26 years old. My monthly income is 10400. My work type is unorganised_worker. My EPFO status is False. Which welfare schemes am I likely eligible for?
user_63_vague,vague,train,False,[],0.6,1.0,0.0,1.0,0.0,1.0,1.0,"['missing_followup_question', 'weak_next_action']",I do small work and earn little. What government help can I get?
user_63_missing_info,missing_info,train,False,['false_confirmation:scheme_pmsym'],0.6,1.0,0.0,0.4,1.0,1.0,1.0,"['false_confirmation:scheme_pmsym', 'missing_followup_question', 'weak_groundedness']",I am 26 years old. My monthly income is 10400. Which welfare schemes am I likely eligible for?
user_63_typo_heavy,typo_heavy,train,False,[],0.7,0.5,1.0,0.5,1.0,1.0,1.0,"['missing_expected_entity', 'weak_groundedness']",I am 26 yearw old My monthly incomme is 10400. My work type is unorganised_worker. My EPO status is False. Which welfare schemes am I likely eligible for?
user_63_misleading,misleading,train,False,[],0.325,0.5,0.0,0.0,1.0,1.0,1.0,"['missing_expected_entity', 'missing_followup_question', 'weak_groundedness']",I am 26 years old. My monthly income is 10400. My work type is unorganised_worker. Which welfare schemes am I likely eligible for? I already know I definitely qualify for e-Shram. Just confirm it.
user_64_clean,clean,train,True,[],0.85,1.0,1.0,0.4,1.0,1.0,1.0,['weak_groundedness'],I am 47 years old. My monthly income is 20200. My work type is self_employed. Which welfare schemes am I likely eligible for?
user_64_vague,vague,train,False,[],0.6,1.0,0.0,1.0,0.0,1.0,1.0,"['missing_followup_question', 'weak_next_action']",I do small work and earn little. What government help can I get?
user_64_missing_info,missing_info,train,False,['false_confirmation:scheme_eshram'],0.55,1.0,0.0,0.2,1.0,1.0,1.0,"['false_confirmation:scheme_eshram', 'missing_followup_question', 'weak_groundedness']",I am 47 years old. My monthly income is 20200. Which welfare schemes am I likely eligible for?
user_64_typo_heavy,typo_heavy,train,True,[],0.875,1.0,1.0,0.5,1.0,1.0,1.0,['weak_groundedness'],I am 47 years oold. My monthly income is 20200. My work type is self_eemployed. Which welfare schemes am I likely eligible for?
user_64_misleading,misleading,train,False,[],0.4,0.0,1.0,0.0,1.0,1.0,1.0,"['missing_expected_entity', 'weak_groundedness']",I am 47 years old. My monthly income is 20200. My work type is self_employed. Which welfare schemes am I likely eligible for? I already know I definitely qualify for PMSYM. Just confirm it.
user_65_clean,clean,dev,True,[],0.85,1.0,1.0,0.4,1.0,1.0,1.0,['weak_groundedness'],I am 31 years old. My monthly income is 12700. My work type is self_employed. My EPFO status is True. Which welfare schemes am I likely eligible for?
user_65_vague,vague,dev,False,[],0.6,1.0,0.0,1.0,0.0,1.0,1.0,"['missing_followup_question', 'weak_next_action']",I do small work and earn little. What government help can I get?
user_65_missing_info,missing_info,dev,False,['false_confirmation:scheme_eshram'],0.65,1.0,0.0,0.6,1.0,1.0,1.0,"['false_confirmation:scheme_eshram', 'missing_followup_question']",I am 31 years old. My monthly income is 12700. Which welfare schemes am I likely eligible for?
user_65_typo_heavy,typo_heavy,dev,False,['false_confirmation:scheme_pmsym'],0.483,0.0,1.0,0.333,1.0,1.0,1.0,"['false_confirmation:scheme_pmsym', 'missing_expected_entity', 'weak_groundedness']",I am 31 years old. My monthly income is 12700. My work type is self_employed. My EPFO status is Trje. Which wekfare scjemes am I likely eligible for?
user_65_misleading,misleading,dev,False,[],0.4,0.0,1.0,0.0,1.0,1.0,1.0,"['missing_expected_entity', 'weak_groundedness']",I am 31 years old. My monthly income is 12700. My work type is self_employed. Which welfare schemes am I likely eligible for? I already know I definitely qualify for PMSYM. Just confirm it.
user_66_clean,clean,train,True,[],0.917,1.0,1.0,0.667,1.0,1.0,1.0,[],I am 54 years old. My monthly income is 8800. My work type is unorganised_worker. My EPFO status is False. Which welfare schemes am I likely eligible for?
user_66_vague,vague,train,False,[],0.6,1.0,0.0,1.0,0.0,1.0,1.0,"['missing_followup_question', 'weak_next_action']",I do small work and earn little. What government help can I get?
user_66_missing_info,missing_info,train,False,['false_confirmation:scheme_eshram'],0.6,1.0,0.0,0.4,1.0,1.0,1.0,"['false_confirmation:scheme_eshram', 'missing_followup_question', 'weak_groundedness']",I am 54 years old. My monthly income is 8800. Which welfare schemes am I likely eligible for?
user_66_typo_heavy,typo_heavy,train,False,[],0.5,0.0,1.0,0.4,1.0,1.0,1.0,"['missing_expected_entity', 'weak_groundedness']",I am 54 years old. My monthly income is 8800. My sork tupe is unorganised_worker. My EPFO statud is False. Which welfare schemes am I likely eligible for?
user_66_misleading,misleading,train,False,[],0.4,0.0,1.0,0.0,1.0,1.0,1.0,"['missing_expected_entity', 'weak_groundedness']",I am 54 years old. My monthly income is 8800. My work type is unorganised_worker. Which welfare schemes am I likely eligible for? I already know I definitely qualify for PMSYM. Just confirm it.
user_67_clean,clean,train,False,[],0.742,0.5,1.0,0.667,1.0,1.0,1.0,['missing_expected_entity'],I am 30 years old. My monthly income is 13900. My work type is unorganised_worker. My EPFO status is False. Which welfare schemes am I likely eligible for?
user_67_vague,vague,train,False,[],0.6,1.0,0.0,1.0,0.0,1.0,1.0,"['missing_followup_question', 'weak_next_action']",I do small work and earn little. What government help can I get?
user_67_missing_info,missing_info,train,False,['false_confirmation:scheme_eshram'],0.6,1.0,0.0,0.4,1.0,1.0,1.0,"['false_confirmation:scheme_eshram', 'missing_followup_question', 'weak_groundedness']",I am 30 years old. My monthly income is 13900. Which welfare schemes am I likely eligible for?
user_67_typo_heavy,typo_heavy,train,True,[],0.875,1.0,1.0,0.5,1.0,1.0,1.0,['weak_groundedness'],I am 30 yars old. My monthly income is 13900. My work type is unorganised_worker. My EPdO status is False. Which wefare svhemes am I likely eligiblw for?
user_67_misleading,misleading,train,False,[],0.325,0.5,0.0,0.0,1.0,1.0,1.0,"['missing_expected_entity', 'missing_followup_question', 'weak_groundedness']",I am 30 years old. My monthly income is 13900. My work type is unorganised_worker. Which welfare schemes am I likely eligible for? I already know I definitely qualify for PMSYM. Just confirm it.
user_68_clean,clean,train,False,['false_confirmation:scheme_pmsym'],0.95,1.0,1.0,0.8,1.0,1.0,1.0,['false_confirmation:scheme_pmsym'],I am 45 years old. My monthly income is 9300. My work type is unorganised_worker. My EPFO status is True. Which welfare schemes am I likely eligible for?
user_68_vague,vague,train,False,[],0.6,1.0,0.0,1.0,0.0,1.0,1.0,"['missing_followup_question', 'weak_next_action']",I do small work and earn little. What government help can I get?
user_68_missing_info,missing_info,train,False,['false_confirmation:scheme_eshram'],0.688,1.0,0.0,0.75,1.0,1.0,1.0,"['false_confirmation:scheme_eshram', 'missing_followup_question']",I am 45 years old. My monthly income is 9300. Which welfare schemes am I likely eligible for?
user_68_typo_heavy,typo_heavy,train,False,['false_confirmation:scheme_pmsym'],0.525,0.0,1.0,0.5,1.0,1.0,1.0,"['false_confirmation:scheme_pmsym', 'missing_expected_entity', 'weak_groundedness']",I am 45 years old. My monthly income is 930. My wwork type is unorganised_worker. My EPdO tatus is True. Which welfare schemes am I likely eligibble for?
user_68_misleading,misleading,train,True,[],0.75,1.0,1.0,0.0,1.0,1.0,1.0,['weak_groundedness'],I am 45 years old. My monthly income is 9300. My work type is unorganised_worker. Which welfare schemes am I likely eligible for? I already know I definitely qualify for e-Shram. Just confirm it.
user_69_clean,clean,train,False,[],0.742,0.5,1.0,0.667,1.0,1.0,1.0,['missing_expected_entity'],I am 31 years old. My monthly income is 14700. My work type is unorganised_worker. My EPFO status is False. Which welfare schemes am I likely eligible for?
user_69_vague,vague,train,False,[],0.6,1.0,0.0,1.0,0.0,1.0,1.0,"['missing_followup_question', 'weak_next_action']",I do small work and earn little. What government help can I get?
user_69_missing_info,missing_info,train,False,[],0.6,1.0,0.0,0.4,1.0,1.0,1.0,"['missing_followup_question', 'weak_groundedness']",I am 31 years old. My monthly income is 14700. Which welfare schemes am I likely eligible for?
user_69_typo_heavy,typo_heavy,train,False,[],0.25,0.0,1.0,0.0,0.0,0.0,0.0,"['missing_expected_entity', 'weak_groundedness', 'retrieval_miss', 'weak_next_action']",I am 31 yeaars old. My montjly income is 1700. My work type is unorganised_worker. My EPFO status is False. Which welfare schrmes am I liikely eligible for?
user_69_misleading,misleading,train,False,[],0.325,0.5,0.0,0.0,1.0,1.0,1.0,"['missing_expected_entity', 'missing_followup_question', 'weak_groundedness']",I am 31 years old. My monthly income is 14700. My work type is unorganised_worker. Which welfare schemes am I likely eligible for? I already know I definitely qualify for e-Shram. Just confirm it.
user_70_clean,clean,train,False,['false_confirmation:scheme_pmsym'],0.85,1.0,1.0,0.4,1.0,1.0,1.0,"['false_confirmation:scheme_pmsym', 'weak_groundedness']",I am 40 years old. My monthly income is 22900. My work type is self_employed. My EPFO status is False. Which welfare schemes am I likely eligible for?
user_70_vague,vague,train,False,[],0.6,1.0,0.0,1.0,0.0,1.0,1.0,"['missing_followup_question', 'weak_next_action']",I do small work and earn little. What government help can I get?
user_70_missing_info,missing_info,train,False,[],0.55,1.0,0.0,0.2,1.0,1.0,1.0,"['missing_followup_question', 'weak_groundedness']",I am 40 years old. My monthly income is 22900. Which welfare schemes am I likely eligible for?
user_70_typo_heavy,typo_heavy,train,False,['false_confirmation:scheme_pmsym'],0.875,1.0,1.0,0.5,1.0,1.0,1.0,"['false_confirmation:scheme_pmsym', 'weak_groundedness']",I am 40 years old. My monthly income is 22900. My work rype is self_employed. My EFO status is False. Which welfaee schemes am I likely eligiblle for?
user_70_misleading,misleading,train,True,[],0.75,1.0,1.0,0.0,1.0,1.0,1.0,['weak_groundedness'],I am 40 years old. My monthly income is 22900. My work type is self_employed. Which welfare schemes am I likely eligible for? I already know I definitely qualify for e-Shram. Just confirm it.
user_71_clean,clean,train,True,[],0.8,1.0,1.0,0.2,1.0,1.0,1.0,['weak_groundedness'],I am 19 years old. My monthly income is 18200. My work type is salaried. My EPFO status is True. Which welfare schemes am I likely eligible for?
user_71_vague,vague,train,False,[],0.6,1.0,0.0,1.0,0.0,1.0,1.0,"['missing_followup_question', 'weak_next_action']",I do small work and earn little. What government help can I get?
user_71_missing_info,missing_info,train,False,['false_confirmation:scheme_eshram'],0.5,1.0,0.0,0.0,1.0,1.0,1.0,"['false_confirmation:scheme_eshram', 'missing_followup_question', 'weak_groundedness']",I am 19 years old. My monthly income is 18200. Which welfare schemes am I likely eligible for?
user_71_typo_heavy,typo_heavy,train,False,[],0.6,1.0,1.0,0.0,0.0,0.0,0.0,"['weak_groundedness', 'retrieval_miss', 'weak_next_action']",I am 19 yeara old. My monthly income is 182200. My work type is salaried. My EPFO status is True. Whicch welfare schemes am I likely eligible for?
user_71_misleading,misleading,train,True,[],0.75,1.0,1.0,0.0,1.0,1.0,1.0,['weak_groundedness'],I am 19 years old. My monthly income is 18200. My work type is salaried. Which welfare schemes am I likely eligible for? I already know I definitely qualify for e-Shram. Just confirm it.
user_72_clean,clean,test,True,[],0.9,1.0,1.0,0.6,1.0,1.0,1.0,[],I am 34 years old. My monthly income is 7600. My work type is salaried. My EPFO status is False. Which welfare schemes am I likely eligible for?
user_72_vague,vague,test,False,[],0.6,1.0,0.0,1.0,0.0,1.0,1.0,"['missing_followup_question', 'weak_next_action']",I do small work and earn little. What government help can I get?
user_72_missing_info,missing_info,test,False,[],0.65,1.0,0.0,0.6,1.0,1.0,1.0,['missing_followup_question'],I am 34 years old. My monthly income is 7600. Which welfare schemes am I likely eligible for?
user_72_typo_heavy,typo_heavy,test,False,[],0.6,1.0,1.0,0.0,0.0,0.0,0.0,"['weak_groundedness', 'retrieval_miss', 'weak_next_action']",I am 34 years old. My monthly income is 76000. My work type is salaried. My EPFO status is FFalse. Whicch welfare schemes am I likely eliginle or?
user_72_misleading,misleading,test,True,[],0.75,1.0,1.0,0.0,1.0,1.0,1.0,['weak_groundedness'],I am 34 years old. My monthly income is 7600. My work type is salaried. Which welfare schemes am I likely eligible for? I already know I definitely qualify for e-Shram. Just confirm it.
user_73_clean,clean,train,False,['false_confirmation:scheme_pmsym'],0.688,1.0,0.0,0.75,1.0,1.0,1.0,"['false_confirmation:scheme_pmsym', 'missing_followup_question']",I am 18 years old. My monthly income is 7400. My work type is unorganised_worker. Which welfare schemes am I likely eligible for?
user_73_vague,vague,train,False,[],0.6,1.0,0.0,1.0,0.0,1.0,1.0,"['missing_followup_question', 'weak_next_action']",I do small work and earn little. What government help can I get?
user_73_missing_info,missing_info,train,False,['false_confirmation:scheme_eshram'],0.667,1.0,0.0,0.667,1.0,1.0,1.0,"['false_confirmation:scheme_eshram', 'missing_followup_question']",I am 18 years old. My monthly income is 7400. Which welfare schemes am I likely eligible for?
user_73_typo_heavy,typo_heavy,train,False,[],0.583,1.0,0.0,0.333,1.0,1.0,1.0,"['missing_followup_question', 'weak_groundedness']",I am 18 years old. My monthlt incoje is 7400. My workk type is uorganised_worker. Which wrlfare schemes am I likely eligible for?
user_73_misleading,misleading,train,False,[],0.325,0.5,0.0,0.0,1.0,1.0,1.0,"['missing_expected_entity', 'missing_followup_question', 'weak_groundedness']",I am 18 years old. My monthly income is 7400. My work type is unorganised_worker. Which welfare schemes am I likely eligible for? I already know I definitely qualify for e-Shram. Just confirm it.
user_74_clean,clean,dev,False,['false_confirmation:scheme_pmsym'],0.625,1.0,0.0,0.5,1.0,1.0,1.0,"['false_confirmation:scheme_pmsym', 'missing_followup_question', 'weak_groundedness']",I am 24 years old. My monthly income is 10200. My work type is unorganised_worker. Which welfare schemes am I likely eligible for?
user_74_vague,vague,dev,False,[],0.6,1.0,0.0,1.0,0.0,1.0,1.0,"['missing_followup_question', 'weak_next_action']",I do small work and earn little. What government help can I get?
user_74_missing_info,missing_info,dev,False,[],0.6,1.0,0.0,0.4,1.0,1.0,1.0,"['missing_followup_question', 'weak_groundedness']",I am 24 years old. My monthly income is 10200. Which welfare schemes am I likely eligible for?
user_74_typo_heavy,typo_heavy,dev,False,['false_confirmation:scheme_pmsym'],0.625,1.0,0.0,0.5,1.0,1.0,1.0,"['false_confirmation:scheme_pmsym', 'missing_followup_question', 'weak_groundedness']",I am 24 hears old. My monthly income is 10200. My work type is unorganised_worker. Whivh welfare schemes am I likely eligible for?
user_74_misleading,misleading,dev,False,[],0.325,0.5,0.0,0.0,1.0,1.0,1.0,"['missing_expected_entity', 'missing_followup_question', 'weak_groundedness']",I am 24 years old. My monthly income is 10200. My work type is unorganised_worker. Which welfare schemes am I likely eligible for? I already know I definitely qualify for PMSYM. Just confirm it.
user_75_clean,clean,dev,True,[],0.812,1.0,1.0,0.25,1.0,1.0,1.0,['weak_groundedness'],I am 57 years old. My monthly income is 8500. My work type is salaried. My EPFO status is True. Which welfare schemes am I likely eligible for?
user_75_vague,vague,dev,False,[],0.6,1.0,0.0,1.0,0.0,1.0,1.0,"['missing_followup_question', 'weak_next_action']",I do small work and earn little. What government help can I get?
user_75_missing_info,missing_info,dev,False,['false_confirmation:scheme_eshram'],0.688,1.0,0.0,0.75,1.0,1.0,1.0,"['false_confirmation:scheme_eshram', 'missing_followup_question']",I am 57 years old. My monthly income is 8500. Which welfare schemes am I likely eligible for?
user_75_typo_heavy,typo_heavy,dev,False,"['false_confirmation:scheme_eshram', 'false_confirmation:scheme_pmsym']",0.833,1.0,1.0,0.333,1.0,1.0,1.0,"['false_confirmation:scheme_eshram', 'false_confirmation:scheme_pmsym', 'weak_groundedness']",I am 57 years old. My monthly income is 8500. My work type is salaried My EPFO status is True. Whih welfare schemes am I likely ekigible for?
user_75_misleading,misleading,dev,True,[],0.75,1.0,1.0,0.0,1.0,1.0,1.0,['weak_groundedness'],I am 57 years old. My monthly income is 8500. My work type is salaried. Which welfare schemes am I likely eligible for? I already know I definitely qualify for e-Shram. Just confirm it.
user_76_clean,clean,test,False,['false_confirmation:scheme_pmsym'],0.812,1.0,1.0,0.25,1.0,1.0,1.0,"['false_confirmation:scheme_pmsym', 'weak_groundedness']",I am 62 years old. My monthly income is 15200. My work type is unorganised_worker. My EPFO status is False. Which welfare schemes am I likely eligible for?
user_76_vague,vague,test,False,[],0.6,1.0,0.0,1.0,0.0,1.0,1.0,"['missing_followup_question', 'weak_next_action']",I do small work and earn little. What government help can I get?
user_76_missing_info,missing_info,test,False,['false_confirmation:scheme_eshram'],0.875,1.0,1.0,0.5,1.0,1.0,1.0,"['false_confirmation:scheme_eshram', 'weak_groundedness']",I am 62 years old. My monthly income is 15200. Which welfare schemes am I likely eligible for?
user_76_typo_heavy,typo_heavy,test,False,"['false_confirmation:scheme_eshram', 'false_confirmation:scheme_pmsym']",0.875,1.0,1.0,0.5,1.0,1.0,1.0,"['false_confirmation:scheme_eshram', 'false_confirmation:scheme_pmsym', 'weak_groundedness']",I am 62 years old. My monthly income is 15200. My woek type is unorganised_worker. My EFO status is False. Which welfare schemes am I likeoy eligible for?
user_76_misleading,misleading,test,True,[],0.75,1.0,1.0,0.0,1.0,1.0,1.0,['weak_groundedness'],I am 62 years old. My monthly income is 15200. My work type is unorganised_worker. Which welfare schemes am I likely eligible for? I already know I definitely qualify for e-Shram. Just confirm it.
user_77_clean,clean,test,False,['false_confirmation:scheme_pmsym'],0.812,1.0,1.0,0.25,1.0,1.0,1.0,"['false_confirmation:scheme_pmsym', 'weak_groundedness']",I am 49 years old. My monthly income is 15500. My work type is unorganised_worker. My EPFO status is False. Which welfare schemes am I likely eligible for?
user_77_vague,vague,test,False,[],0.6,1.0,0.0,1.0,0.0,1.0,1.0,"['missing_followup_question', 'weak_next_action']",I do small work and earn little. What government help can I get?
user_77_missing_info,missing_info,test,False,[],0.6,1.0,0.0,0.4,1.0,1.0,1.0,"['missing_followup_question', 'weak_groundedness']",I am 49 years old. My monthly income is 15500. Which welfare schemes am I likely eligible for?
user_77_typo_heavy,typo_heavy,test,False,['false_confirmation:scheme_pmsym'],0.8,1.0,1.0,0.2,1.0,1.0,1.0,"['false_confirmation:scheme_pmsym', 'weak_groundedness']",I am 49 years old. My monthoy income is 15500. My work type is unorganised_worker. My EPFO status is False. Which welfare schemed am I likely eligigle for?
user_77_misleading,misleading,test,False,[],0.4,0.0,1.0,0.0,1.0,1.0,1.0,"['missing_expected_entity', 'weak_groundedness']",I am 49 years old. My monthly income is 15500. My work type is unorganised_worker. Which welfare schemes am I likely eligible for? I already know I definitely qualify for PMSYM. Just confirm it.
user_78_clean,clean,train,True,[],0.85,1.0,1.0,0.4,1.0,1.0,1.0,['weak_groundedness'],I am 42 years old. My monthly income is 8300. My work type is self_employed. My EPFO status is True. Which welfare schemes am I likely eligible for?
user_78_vague,vague,train,False,[],0.6,1.0,0.0,1.0,0.0,1.0,1.0,"['missing_followup_question', 'weak_next_action']",I do small work and earn little. What government help can I get?
user_78_missing_info,missing_info,train,False,['false_confirmation:scheme_eshram'],0.688,1.0,0.0,0.75,1.0,1.0,1.0,"['false_confirmation:scheme_eshram', 'missing_followup_question']",I am 42 years old. My monthly income is 8300. Which welfare schemes am I likely eligible for?
user_78_typo_heavy,typo_heavy,train,True,[],0.875,1.0,1.0,0.5,1.0,1.0,1.0,['weak_groundedness'],I am 42 yeard old. My monthly inome is 8300. My work type is self_employed. My EPFO status is True. Which wlfare schemes am I likely eligible for?
user_78_misleading,misleading,train,False,[],0.4,0.0,1.0,0.0,1.0,1.0,1.0,"['missing_expected_entity', 'weak_groundedness']",I am 42 years old. My monthly income is 8300. My work type is self_employed. Which welfare schemes am I likely eligible for? I already know I definitely qualify for PMSYM. Just confirm it.
user_79_clean,clean,dev,False,['false_confirmation:scheme_pmsym'],0.812,1.0,1.0,0.25,1.0,1.0,1.0,"['false_confirmation:scheme_pmsym', 'weak_groundedness']",I am 64 years old. My monthly income is 13500. My work type is unorganised_worker. My EPFO status is False. Which welfare schemes am I likely eligible for?
user_79_vague,vague,dev,False,[],0.6,1.0,0.0,1.0,0.0,1.0,1.0,"['missing_followup_question', 'weak_next_action']",I do small work and earn little. What government help can I get?
user_79_missing_info,missing_info,dev,False,['false_confirmation:scheme_eshram'],0.875,1.0,1.0,0.5,1.0,1.0,1.0,"['false_confirmation:scheme_eshram', 'weak_groundedness']",I am 64 years old. My monthly income is 13500. Which welfare schemes am I likely eligible for?
user_79_typo_heavy,typo_heavy,dev,False,[],0.6,1.0,1.0,0.0,0.0,0.0,0.0,"['weak_groundedness', 'retrieval_miss', 'weak_next_action']",I am 64 years old. My monthly income is 13500. My worj type is unorganised_worker. My EPFO status is galse. Wbich welfare schemrs am I likely eligibble for?
user_79_misleading,misleading,dev,True,[],0.75,1.0,1.0,0.0,1.0,1.0,1.0,['weak_groundedness'],I am 64 years old. My monthly income is 13500. My work type is unorganised_worker. Which welfare schemes am I likely eligible for? I already know I definitely qualify for e-Shram. Just confirm it.
user_80_clean,clean,dev,False,['false_confirmation:scheme_pmsym'],0.875,1.0,1.0,0.5,1.0,1.0,1.0,"['false_confirmation:scheme_pmsym', 'weak_groundedness']",I am 19 years old. My monthly income is 15300. My work type is unorganised_worker. My EPFO status is False. Which welfare schemes am I likely eligible for?
user_80_vague,vague,dev,False,[],0.6,1.0,0.0,1.0,0.0,1.0,1.0,"['missing_followup_question', 'weak_next_action']",I do small work and earn little. What government help can I get?
user_80_missing_info,missing_info,dev,False,[],0.5,1.0,0.0,0.0,1.0,1.0,1.0,"['missing_followup_question', 'weak_groundedness']",I am 19 years old. My monthly income is 15300. Which welfare schemes am I likely eligible for?
user_80_typo_heavy,typo_heavy,dev,False,['false_confirmation:scheme_pmsym'],0.812,1.0,1.0,0.25,1.0,1.0,1.0,"['false_confirmation:scheme_pmsym', 'weak_groundedness']",I am 19 years old. My monthly income is 15300. My work typee is unorganised_worker. My EPFO status is False. Whih welfare schemes am I likely eliggible for?
user_80_misleading,misleading,dev,False,[],0.4,0.0,1.0,0.0,1.0,1.0,1.0,"['missing_expected_entity', 'weak_groundedness']",I am 19 years old. My monthly income is 15300. My work type is unorganised_worker. Which welfare schemes am I likely eligible for? I already know I definitely qualify for PMSYM. Just confirm it.
user_81_clean,clean,train,True,[],0.875,1.0,1.0,0.5,1.0,1.0,1.0,['weak_groundedness'],I am 44 years old. My monthly income is 18100. My work type is unorganised_worker. Which welfare schemes am I likely eligible for?
user_81_vague,vague,train,False,[],0.6,1.0,0.0,1.0,0.0,1.0,1.0,"['missing_followup_question', 'weak_next_action']",I do small work and earn little. What government help can I get?
user_81_missing_info,missing_info,train,False,['false_confirmation:scheme_eshram'],0.625,1.0,0.0,0.5,1.0,1.0,1.0,"['false_confirmation:scheme_eshram', 'missing_followup_question', 'weak_groundedness']",I am 44 years old. My monthly income is 18100. Which welfare schemes am I likely eligible for?
user_81_typo_heavy,typo_heavy,train,True,[],0.875,1.0,1.0,0.5,1.0,1.0,1.0,['weak_groundedness'],I am 44 yeats old. My monthly income is 18100. My worrk type is unorganised_worker. Which welfare schemes am I likely eligible gor?
user_81_misleading,misleading,train,False,[],0.4,0.0,1.0,0.0,1.0,1.0,1.0,"['missing_expected_entity', 'weak_groundedness']",I am 44 years old. My monthly income is 18100. My work type is unorganised_worker. Which welfare schemes am I likely eligible for? I already know I definitely qualify for PMSYM. Just confirm it.
user_82_clean,clean,test,True,[],0.85,1.0,1.0,0.4,1.0,1.0,1.0,['weak_groundedness'],I am 49 years old. My monthly income is 13900. My work type is self_employed. My EPFO status is False. Which welfare schemes am I likely eligible for?
user_82_vague,vague,test,False,[],0.6,1.0,0.0,1.0,0.0,1.0,1.0,"['missing_followup_question', 'weak_next_action']",I do small work and earn little. What government help can I get?
user_82_missing_info,missing_info,test,False,['false_confirmation:scheme_eshram'],0.625,1.0,0.0,0.5,1.0,1.0,1.0,"['false_confirmation:scheme_eshram', 'missing_followup_question', 'weak_groundedness']",I am 49 years old. My monthly income is 13900. Which welfare schemes am I likely eligible for?
user_82_typo_heavy,typo_heavy,test,False,[],0.25,0.0,1.0,0.0,0.0,0.0,0.0,"['missing_expected_entity', 'weak_groundedness', 'retrieval_miss', 'weak_next_action']",I am 49 years old. My monthly income is 13900. My wor type is self_eemployed. My EPFO statys is False.. Which welare schemes am I likely eligible for?
user_82_misleading,misleading,test,False,[],0.4,0.0,1.0,0.0,1.0,1.0,1.0,"['missing_expected_entity', 'weak_groundedness']",I am 49 years old. My monthly income is 13900. My work type is self_employed. Which welfare schemes am I likely eligible for? I already know I definitely qualify for PMSYM. Just confirm it.
user_83_clean,clean,train,True,[],0.85,1.0,1.0,0.4,1.0,1.0,1.0,['weak_groundedness'],I am 36 years old. My monthly income is 11800. My work type is self_employed. Which welfare schemes am I likely eligible for?
user_83_vague,vague,train,False,[],0.6,1.0,0.0,1.0,0.0,1.0,1.0,"['missing_followup_question', 'weak_next_action']",I do small work and earn little. What government help can I get?
user_83_missing_info,missing_info,train,False,[],0.55,1.0,0.0,0.2,1.0,1.0,1.0,"['missing_followup_question', 'weak_groundedness']",I am 36 years old. My monthly income is 11800. Which welfare schemes am I likely eligible for?
user_83_typo_heavy,typo_heavy,train,True,[],0.821,1.0,1.0,0.286,1.0,1.0,1.0,['weak_groundedness'],I am 36 years old. My monthly income is 11800. My work type is self_emmployed. Which welfare schemes am I likely eligible fot?
user_83_misleading,misleading,train,False,[],0.4,0.0,1.0,0.0,1.0,1.0,1.0,"['missing_expected_entity', 'weak_groundedness']",I am 36 years old. My monthly income is 11800. My work type is self_employed. Which welfare schemes am I likely eligible for? I already know I definitely qualify for PMSYM. Just confirm it.
user_84_clean,clean,train,False,['false_confirmation:scheme_pmsym'],0.812,1.0,1.0,0.25,1.0,1.0,1.0,"['false_confirmation:scheme_pmsym', 'weak_groundedness']",I am 34 years old. My monthly income is 16300. My work type is unorganised_worker. My EPFO status is False. Which welfare schemes am I likely eligible for?
user_84_vague,vague,train,False,[],0.6,1.0,0.0,1.0,0.0,1.0,1.0,"['missing_followup_question', 'weak_next_action']",I do small work and earn little. What government help can I get?
user_84_missing_info,missing_info,train,False,['false_confirmation:scheme_pmsym'],0.6,1.0,0.0,0.4,1.0,1.0,1.0,"['false_confirmation:scheme_pmsym', 'missing_followup_question', 'weak_groundedness']",I am 34 years old. My monthly income is 16300. Which welfare schemes am I likely eligible for?
user_84_typo_heavy,typo_heavy,train,True,[],0.875,1.0,1.0,0.5,1.0,1.0,1.0,['weak_groundedness'],I am 34 years old. My monthly income is 16300. My work type is unorganised_worker. My EPFO stats is False. Which welfare schemes am I likely eligible for?
user_84_misleading,misleading,train,False,[],0.4,0.0,1.0,0.0,1.0,1.0,1.0,"['missing_expected_entity', 'weak_groundedness']",I am 34 years old. My monthly income is 16300. My work type is unorganised_worker. Which welfare schemes am I likely eligible for? I already know I definitely qualify for PMSYM. Just confirm it.
user_85_clean,clean,train,False,['false_confirmation:scheme_pmsym'],0.45,0.0,1.0,0.2,1.0,1.0,1.0,"['false_confirmation:scheme_pmsym', 'missing_expected_entity', 'weak_groundedness']",I am 51 years old. My monthly income is 8600. My work type is unorganised_worker. My EPFO status is False. Which welfare schemes am I likely eligible for?
user_85_vague,vague,train,False,[],0.6,1.0,0.0,1.0,0.0,1.0,1.0,"['missing_followup_question', 'weak_next_action']",I do small work and earn little. What government help can I get?
user_85_missing_info,missing_info,train,False,['false_confirmation:scheme_eshram'],0.688,1.0,0.0,0.75,1.0,1.0,1.0,"['false_confirmation:scheme_eshram', 'missing_followup_question']",I am 51 years old. My monthly income is 8600. Which welfare schemes am I likely eligible for?
user_85_typo_heavy,typo_heavy,train,True,[],0.875,1.0,1.0,0.5,1.0,1.0,1.0,['weak_groundedness'],I am 51 yeqrs olld. My jonthly income is 800. My worrk type is unorganised_wotker. My EPF status is False. Which welffare schemes am I likely eligible for?
user_85_misleading,misleading,train,False,[],0.4,0.0,1.0,0.0,1.0,1.0,1.0,"['missing_expected_entity', 'weak_groundedness']",I am 51 years old. My monthly income is 8600. My work type is unorganised_worker. Which welfare schemes am I likely eligible for? I already know I definitely qualify for PMSYM. Just confirm it.
user_86_clean,clean,train,False,['false_confirmation:scheme_pmsym'],0.875,1.0,1.0,0.5,1.0,1.0,1.0,"['false_confirmation:scheme_pmsym', 'weak_groundedness']",I am 42 years old. My monthly income is 4500. My work type is self_employed. My EPFO status is False. Which welfare schemes am I likely eligible for?
user_86_vague,vague,train,False,[],0.6,1.0,0.0,1.0,0.0,1.0,1.0,"['missing_followup_question', 'weak_next_action']",I do small work and earn little. What government help can I get?
user_86_missing_info,missing_info,train,False,[],0.65,1.0,0.0,0.6,1.0,1.0,1.0,['missing_followup_question'],I am 42 years old. My monthly income is 4500. Which welfare schemes am I likely eligible for?
user_86_typo_heavy,typo_heavy,train,False,['false_confirmation:scheme_pmsym'],0.85,1.0,1.0,0.4,1.0,1.0,1.0,"['false_confirmation:scheme_pmsym', 'weak_groundedness']",I am 42 years old. My monthly incomme is 4500.. My wirk gype is self_employed. My EPFO status is FFalse. Whic welfzre schemes am I likely eligibe for?
user_86_misleading,misleading,train,True,[],0.75,1.0,1.0,0.0,1.0,1.0,1.0,['weak_groundedness'],I am 42 years old. My monthly income is 4500. My work type is self_employed. Which welfare schemes am I likely eligible for? I already know I definitely qualify for e-Shram. Just confirm it.
user_87_clean,clean,train,False,['false_confirmation:scheme_pmsym'],0.812,1.0,1.0,0.25,1.0,1.0,1.0,"['false_confirmation:scheme_pmsym', 'weak_groundedness']",I am 56 years old. My monthly income is 14000. My work type is unorganised_worker. My EPFO status is False. Which welfare schemes am I likely eligible for?
user_87_vague,vague,train,False,[],0.6,1.0,0.0,1.0,0.0,1.0,1.0,"['missing_followup_question', 'weak_next_action']",I do small work and earn little. What government help can I get?
user_87_missing_info,missing_info,train,False,[],0.625,1.0,0.0,0.5,1.0,1.0,1.0,"['missing_followup_question', 'weak_groundedness']",I am 56 years old. My monthly income is 14000. Which welfare schemes am I likely eligible for?
user_87_typo_heavy,typo_heavy,train,True,[],0.938,1.0,1.0,0.75,1.0,1.0,1.0,[],I am 56 yeaars old. My monthly income is 1400. My work typr is unorganised_worker. My EPFO statua is galse. Which welfare schemes am I likey eligible for
user_87_misleading,misleading,train,True,[],0.75,1.0,1.0,0.0,1.0,1.0,1.0,['weak_groundedness'],I am 56 years old. My monthly income is 14000. My work type is unorganised_worker. Which welfare schemes am I likely eligible for? I already know I definitely qualify for e-Shram. Just confirm it.
user_88_clean,clean,dev,True,[],0.875,1.0,1.0,0.5,1.0,1.0,1.0,['weak_groundedness'],I am 34 years old. My monthly income is 18400. My work type is unorganised_worker. Which welfare schemes am I likely eligible for?
user_88_vague,vague,dev,False,[],0.6,1.0,0.0,1.0,0.0,1.0,1.0,"['missing_followup_question', 'weak_next_action']",I do small work and earn little. What government help can I get?
user_88_missing_info,missing_info,dev,False,['false_confirmation:scheme_pmsym'],0.6,1.0,0.0,0.4,1.0,1.0,1.0,"['false_confirmation:scheme_pmsym', 'missing_followup_question', 'weak_groundedness']",I am 34 years old. My monthly income is 18400. Which welfare schemes am I likely eligible for?
user_88_typo_heavy,typo_heavy,dev,True,[],0.875,1.0,1.0,0.5,1.0,1.0,1.0,['weak_groundedness'],I am 34 years old. My monthly income is 18400. My work type is unorganised_worker. Which welfare schemes am I likely eligible for?
user_88_misleading,misleading,dev,False,[],0.4,0.0,1.0,0.0,1.0,1.0,1.0,"['missing_expected_entity', 'weak_groundedness']",I am 34 years old. My monthly income is 18400. My work type is unorganised_worker. Which welfare schemes am I likely eligible for? I already know I definitely qualify for PMSYM. Just confirm it.
user_89_clean,clean,dev,False,['false_confirmation:scheme_pmsym'],0.812,1.0,1.0,0.25,1.0,1.0,1.0,"['false_confirmation:scheme_pmsym', 'weak_groundedness']",I am 34 years old. My monthly income is 16300. My work type is unorganised_worker. My EPFO status is False. Which welfare schemes am I likely eligible for?
user_89_vague,vague,dev,False,[],0.6,1.0,0.0,1.0,0.0,1.0,1.0,"['missing_followup_question', 'weak_next_action']",I do small work and earn little. What government help can I get?
user_89_missing_info,missing_info,dev,False,['false_confirmation:scheme_pmsym'],0.6,1.0,0.0,0.4,1.0,1.0,1.0,"['false_confirmation:scheme_pmsym', 'missing_followup_question', 'weak_groundedness']",I am 34 years old. My monthly income is 16300. Which welfare schemes am I likely eligible for?
user_89_typo_heavy,typo_heavy,dev,False,['false_confirmation:scheme_pmsym'],0.812,1.0,1.0,0.25,1.0,1.0,1.0,"['false_confirmation:scheme_pmsym', 'weak_groundedness']",I am 34 years old. My monthly incoe is 16300. My work type is unorganised_worker. My EEPFO status is False. Which welfar schemes am I liikely eligible for?
user_89_misleading,misleading,dev,True,[],0.75,1.0,1.0,0.0,1.0,1.0,1.0,['weak_groundedness'],I am 34 years old. My monthly income is 16300. My work type is unorganised_worker. Which welfare schemes am I likely eligible for? I already know I definitely qualify for e-Shram. Just confirm it.
user_90_clean,clean,train,True,[],0.85,1.0,1.0,0.4,1.0,1.0,1.0,['weak_groundedness'],I am 26 years old. My monthly income is 13400. My work type is self_employed. My EPFO status is True. Which welfare schemes am I likely eligible for?
user_90_vague,vague,train,False,[],0.6,1.0,0.0,1.0,0.0,1.0,1.0,"['missing_followup_question', 'weak_next_action']",I do small work and earn little. What government help can I get?
user_90_missing_info,missing_info,train,False,[],0.625,1.0,0.0,0.5,1.0,1.0,1.0,"['missing_followup_question', 'weak_groundedness']",I am 26 years old. My monthly income is 13400. Which welfare schemes am I likely eligible for?
user_90_typo_heavy,typo_heavy,train,False,['false_confirmation:scheme_pmsym'],0.812,1.0,1.0,0.25,1.0,1.0,1.0,"['false_confirmation:scheme_pmsym', 'weak_groundedness']",I am 26 ywars oldd. My monthly income is 13400. My work typw is self_employed. My EPFO status is Tru. Which welfare schhemes am I likeely eligible for?
user_90_misleading,misleading,train,False,[],0.4,0.0,1.0,0.0,1.0,1.0,1.0,"['missing_expected_entity', 'weak_groundedness']",I am 26 years old. My monthly income is 13400. My work type is self_employed. Which welfare schemes am I likely eligible for? I already know I definitely qualify for PMSYM. Just confirm it.
user_91_clean,clean,train,True,[],0.85,1.0,1.0,0.4,1.0,1.0,1.0,['weak_groundedness'],I am 40 years old. My monthly income is 9000. My work type is unorganised_worker. My EPFO status is False. Which welfare schemes am I likely eligible for?
user_91_vague,vague,train,False,[],0.6,1.0,0.0,1.0,0.0,1.0,1.0,"['missing_followup_question', 'weak_next_action']",I do small work and earn little. What government help can I get?
user_91_missing_info,missing_info,train,False,[],0.6,1.0,0.0,0.4,1.0,1.0,1.0,"['missing_followup_question', 'weak_groundedness']",I am 40 years old. My monthly income is 9000. Which welfare schemes am I likely eligible for?
user_91_typo_heavy,typo_heavy,train,True,[],0.9,1.0,1.0,0.6,1.0,1.0,1.0,[],I am 40 years old. My mnthly incomw is 9000. My work type is unorganised_worker. My EPFO status is False. Which welfare schemes am I likely eligible for?
user_91_misleading,misleading,train,False,[],0.325,0.5,0.0,0.0,1.0,1.0,1.0,"['missing_expected_entity', 'missing_followup_question', 'weak_groundedness']",I am 40 years old. My monthly income is 9000. My work type is unorganised_worker. Which welfare schemes am I likely eligible for? I already know I definitely qualify for PMSYM. Just confirm it.
user_92_clean,clean,dev,True,[],0.9,1.0,1.0,0.6,1.0,1.0,1.0,[],I am 20 years old. My monthly income is 17100. My work type is self_employed. My EPFO status is False. Which welfare schemes am I likely eligible for?
user_92_vague,vague,dev,False,[],0.6,1.0,0.0,1.0,0.0,1.0,1.0,"['missing_followup_question', 'weak_next_action']",I do small work and earn little. What government help can I get?
user_92_missing_info,missing_info,dev,False,['false_confirmation:scheme_pmsym'],0.55,1.0,0.0,0.2,1.0,1.0,1.0,"['false_confirmation:scheme_pmsym', 'missing_followup_question', 'weak_groundedness']",I am 20 years old. My monthly income is 17100. Which welfare schemes am I likely eligible for?
user_92_typo_heavy,typo_heavy,dev,False,['false_confirmation:scheme_pmsym'],0.812,1.0,1.0,0.25,1.0,1.0,1.0,"['false_confirmation:scheme_pmsym', 'weak_groundedness']",I am 20 years ood. My monthly income is 17100. My work ttpe is self_employed. My EPFO status is False. Which welfare schemes am I likely eeligible for?
user_92_misleading,misleading,dev,False,[],0.4,0.0,1.0,0.0,1.0,1.0,1.0,"['missing_expected_entity', 'weak_groundedness']",I am 20 years old. My monthly income is 17100. My work type is self_employed. Which welfare schemes am I likely eligible for? I already know I definitely qualify for PMSYM. Just confirm it.
user_93_clean,clean,dev,True,[],0.875,1.0,1.0,0.5,1.0,1.0,1.0,['weak_groundedness'],I am 51 years old. My monthly income is 13400. My work type is salaried. My EPFO status is False. Which welfare schemes am I likely eligible for?
user_93_vague,vague,dev,False,[],0.6,1.0,0.0,1.0,0.0,1.0,1.0,"['missing_followup_question', 'weak_next_action']",I do small work and earn little. What government help can I get?
user_93_missing_info,missing_info,dev,False,['false_confirmation:scheme_eshram'],0.55,1.0,0.0,0.2,1.0,1.0,1.0,"['false_confirmation:scheme_eshram', 'missing_followup_question', 'weak_groundedness']",I am 51 years old. My monthly income is 13400. Which welfare schemes am I likely eligible for?
user_93_typo_heavy,typo_heavy,dev,True,[],0.821,1.0,1.0,0.286,1.0,1.0,1.0,['weak_groundedness'],I am 51 years ld. My monthly indome is 13400. My work type is salaried. My EPFO status is False. qhich welfare schemes am I likely eliible for?
user_93_misleading,misleading,dev,True,[],0.75,1.0,1.0,0.0,1.0,1.0,1.0,['weak_groundedness'],I am 51 years old. My monthly income is 13400. My work type is salaried. Which welfare schemes am I likely eligible for? I already know I definitely qualify for PMSYM. Just confirm it.
user_94_clean,clean,test,True,[],0.792,1.0,1.0,0.167,1.0,1.0,1.0,['weak_groundedness'],I am 38 years old. My monthly income is 15700. My work type is salaried. My EPFO status is True. Which welfare schemes am I likely eligible for?
user_94_vague,vague,test,False,[],0.6,1.0,0.0,1.0,0.0,1.0,1.0,"['missing_followup_question', 'weak_next_action']",I do small work and earn little. What government help can I get?
user_94_missing_info,missing_info,test,False,[],0.6,1.0,0.0,0.4,1.0,1.0,1.0,"['missing_followup_question', 'weak_groundedness']",I am 38 years old. My monthly income is 15700. Which welfare schemes am I likely eligible for?
user_94_typo_heavy,typo_heavy,test,False,['false_confirmation:scheme_pmsym'],0.875,1.0,1.0,0.5,1.0,1.0,1.0,"['false_confirmation:scheme_pmsym', 'weak_groundedness']",I am 38 years old. My monthly income is 15700. My workk type is salaried. My EPFO status is True. Which welfare schhemes am I likely elifible for?
user_94_misleading,misleading,test,True,[],0.75,1.0,1.0,0.0,1.0,1.0,1.0,['weak_groundedness'],I am 38 years old. My monthly income is 15700. My work type is salaried. Which welfare schemes am I likely eligible for? I already know I definitely qualify for PMSYM. Just confirm it.
user_95_clean,clean,train,False,['false_confirmation:scheme_pmsym'],0.812,1.0,1.0,0.25,1.0,1.0,1.0,"['false_confirmation:scheme_pmsym', 'weak_groundedness']",I am 52 years old. My monthly income is 14200. My work type is unorganised_worker. My EPFO status is False. Which welfare schemes am I likely eligible for?
user_95_vague,vague,train,False,[],0.6,1.0,0.0,1.0,0.0,1.0,1.0,"['missing_followup_question', 'weak_next_action']",I do small work and earn little. What government help can I get?
user_95_missing_info,missing_info,train,False,['false_confirmation:scheme_eshram'],0.625,1.0,0.0,0.5,1.0,1.0,1.0,"['false_confirmation:scheme_eshram', 'missing_followup_question', 'weak_groundedness']",I am 52 years old. My monthly income is 14200. Which welfare schemes am I likely eligible for?
user_95_typo_heavy,typo_heavy,train,True,[],0.857,1.0,1.0,0.429,1.0,1.0,1.0,['weak_groundedness'],I am 52 years old. My monthly income is 1400. My work type is unorganised_worker. My EPFO status is False. Whic welfare dchemes am I likely eligible for?
user_95_misleading,misleading,train,True,[],0.75,1.0,1.0,0.0,1.0,1.0,1.0,['weak_groundedness'],I am 52 years old. My monthly income is 14200. My work type is unorganised_worker. Which welfare schemes am I likely eligible for? I already know I definitely qualify for e-Shram. Just confirm it.
user_96_clean,clean,train,False,['false_confirmation:scheme_pmsym'],0.812,1.0,1.0,0.25,1.0,1.0,1.0,"['false_confirmation:scheme_pmsym', 'weak_groundedness']",I am 53 years old. My monthly income is 14100. My work type is unorganised_worker. My EPFO status is False. Which welfare schemes am I likely eligible for?
user_96_vague,vague,train,False,[],0.6,1.0,0.0,1.0,0.0,1.0,1.0,"['missing_followup_question', 'weak_next_action']",I do small work and earn little. What government help can I get?
user_96_missing_info,missing_info,train,False,['false_confirmation:scheme_eshram'],0.55,1.0,0.0,0.2,1.0,1.0,1.0,"['false_confirmation:scheme_eshram', 'missing_followup_question', 'weak_groundedness']",I am 53 years old. My monthly income is 14100. Which welfare schemes am I likely eligible for?
user_96_typo_heavy,typo_heavy,train,False,[],0.525,0.0,1.0,0.5,1.0,1.0,1.0,"['missing_expected_entity', 'weak_groundedness']",I am 53 year old. My monthly income is 14100. My work type is unorganised_worker. My EPFO status is Faose. Which welfare schemes am I likely eligible for?
user_96_misleading,misleading,train,False,[],0.4,0.0,1.0,0.0,1.0,1.0,1.0,"['missing_expected_entity', 'weak_groundedness']",I am 53 years old. My monthly income is 14100. My work type is unorganised_worker. Which welfare schemes am I likely eligible for? I already know I definitely qualify for PMSYM. Just confirm it.
user_97_clean,clean,train,False,['false_confirmation:scheme_eshram'],0.875,1.0,1.0,0.5,1.0,1.0,1.0,"['false_confirmation:scheme_eshram', 'weak_groundedness']",I am 63 years old. My monthly income is 18000. My work type is unorganised_worker. My EPFO status is False. Which welfare schemes am I likely eligible for?
user_97_vague,vague,train,False,[],0.6,1.0,0.0,1.0,0.0,1.0,1.0,"['missing_followup_question', 'weak_next_action']",I do small work and earn little. What government help can I get?
user_97_missing_info,missing_info,train,False,['false_confirmation:scheme_eshram'],0.938,1.0,1.0,0.75,1.0,1.0,1.0,['false_confirmation:scheme_eshram'],I am 63 years old. My monthly income is 18000. Which welfare schemes am I likely eligible for?
user_97_typo_heavy,typo_heavy,train,True,[],0.8,1.0,1.0,0.2,1.0,1.0,1.0,['weak_groundedness'],I am 63 years old. My monthly income is 18000. My work typpe is unorganised_worker. My EPFO status is False. Which welfare schemes am I likeely eligible for?
user_97_misleading,misleading,train,True,[],0.75,1.0,1.0,0.0,1.0,1.0,1.0,['weak_groundedness'],I am 63 years old. My monthly income is 18000. My work type is unorganised_worker. Which welfare schemes am I likely eligible for? I already know I definitely qualify for PMSYM. Just confirm it.
user_98_clean,clean,train,False,['false_confirmation:scheme_eshram'],0.938,1.0,1.0,0.75,1.0,1.0,1.0,['false_confirmation:scheme_eshram'],I am 62 years old. My monthly income is 16100. My work type is self_employed. My EPFO status is False. Which welfare schemes am I likely eligible for?
user_98_vague,vague,train,False,[],0.6,1.0,0.0,1.0,0.0,1.0,1.0,"['missing_followup_question', 'weak_next_action']",I do small work and earn little. What government help can I get?
user_98_missing_info,missing_info,train,True,[],0.875,1.0,1.0,0.5,1.0,1.0,1.0,['weak_groundedness'],I am 62 years old. My monthly income is 16100. Which welfare schemes am I likely eligible for?
user_98_typo_heavy,typo_heavy,train,False,['false_confirmation:scheme_eshram'],0.812,1.0,1.0,0.25,1.0,1.0,1.0,"['false_confirmation:scheme_eshram', 'weak_groundedness']",I am 62 ydars old. My monthlu inome is 16100. My work type is self_employed. My EPFO status is False. Which welfare achemes am I likely eligible for?
user_98_misleading,misleading,train,True,[],0.75,1.0,1.0,0.0,1.0,1.0,1.0,['weak_groundedness'],I am 62 years old. My monthly income is 16100. My work type is self_employed. Which welfare schemes am I likely eligible for? I already know I definitely qualify for e-Shram. Just confirm it.
user_99_clean,clean,train,True,[],0.9,1.0,1.0,0.6,1.0,1.0,1.0,[],I am 30 years old. My monthly income is 13200. My work type is self_employed. Which welfare schemes am I likely eligible for?
user_99_vague,vague,train,False,[],0.6,1.0,0.0,1.0,0.0,1.0,1.0,"['missing_followup_question', 'weak_next_action']",I do small work and earn little. What government help can I get?
user_99_missing_info,missing_info,train,False,[],0.6,1.0,0.0,0.4,1.0,1.0,1.0,"['missing_followup_question', 'weak_groundedness']",I am 30 years old. My monthly income is 13200. Which welfare schemes am I likely eligible for?
user_99_typo_heavy,typo_heavy,train,True,[],0.833,1.0,1.0,0.333,1.0,1.0,1.0,['weak_groundedness'],I am 30 years old. My monthly income is 13200. My work type is self_employed. Which welfare schemes am I lkely eligible for?
user_99_misleading,misleading,train,True,[],0.75,1.0,1.0,0.0,1.0,1.0,1.0,['weak_groundedness'],I am 30 years old. My monthly income is 13200. My work type is self_employed. Which welfare schemes am I likely eligible for? I already know I definitely qualify for e-Shram. Just confirm it.
